 {"recd_seq":"CHNCTKORKF-1bca2b9c-1f53-4a0e-b3e3-d01e5b7a76e8","call_type_id":"GPRS","imsi_id":"450087220136028","chage_id":"845488768","calld_no":"","local_time":"20190610055600","recd_utc_offset":"800","tot_call_durat":"1800","imei_id":"3587050816705700","callg_no":"","data_vlm_inpt_val":"35348","data_vlm_otput_val":"28919"}
,{"recd_seq":"CHNCTKORKF-8591fdbd-d356-47c0-871c-8cc088496b79","call_type_id":"GPRS","imsi_id":"450087220136028","chage_id":"1998689668","calld_no":"","local_time":"20190610054622","recd_utc_offset":"800","tot_call_durat":"1800","imei_id":"3556480725472800","callg_no":"","data_vlm_inpt_val":"466367","data_vlm_otput_val":"91155"}
,{"recd_seq":"CHNCTKORKF-6d4b7e14-07b7-4aed-a43b-0e898b7ae069","call_type_id":"GPRS","imsi_id":"450087220136028","chage_id":"196185395","calld_no":"","local_time":"20190610060748","recd_utc_offset":"800","tot_call_durat":"1800","imei_id":"3535250917498300","callg_no":"","data_vlm_inpt_val":"28947","data_vlm_otput_val":"14442"}
,{"recd_seq":"CHNCTKORKF-8820d030-6acf-4b5e-a6ab-8544a3ec76e3","call_type_id":"GPRS","imsi_id":"450087220136028","chage_id":"1070343039","calld_no":"","local_time":"20190610060000","recd_utc_offset":"800","tot_call_durat":"1800","imei_id":"3573570990237200","callg_no":"","data_vlm_inpt_val":"13688","data_vlm_otput_val":"84505"}
,{"recd_seq":"CHNCTKORKF-ca3b98fe-825e-4b78-9158-18545a11b7bb","call_type_id":"GPRS","imsi_id":"450087220136028","chage_id":"1070343039","calld_no":"","local_time":"20190610063000","recd_utc_offset":"800","tot_call_durat":"138","imei_id":"3573570990237200","callg_no":"","data_vlm_inpt_val":"0","data_vlm_otput_val":"238"}
,{"recd_seq":"CHNCTKORKF-8f4dfab8-61bc-4ecc-91cd-a27a2ee17c2b","call_type_id":"GPRS","imsi_id":"450087220136028","chage_id":"1070343039","calld_no":"","local_time":"20190610063218","recd_utc_offset":"800","tot_call_durat":"3","imei_id":"3573570990237200","callg_no":"","data_vlm_inpt_val":"2135","data_vlm_otput_val":"2154"}
,{"recd_seq":"CHNCTKORKF-8f39da72-d687-4bd4-ae3e-217f6f83fe92","call_type_id":"GPRS","imsi_id":"450087220136028","chage_id":"1070343039","calld_no":"","local_time":"20190610063221","recd_utc_offset":"800","tot_call_durat":"44","imei_id":"3573570990237200","callg_no":"","data_vlm_inpt_val":"1720","data_vlm_otput_val":"13480"}
,{"recd_seq":"CHNCTKORKF-7c0c2868-3a5a-4a00-9568-e1d593ca3a4c","call_type_id":"GPRS","imsi_id":"450087220136028","chage_id":"1070343039","calld_no":"","local_time":"20190610063305","recd_utc_offset":"800","tot_call_durat":"29","imei_id":"3573570990237200","callg_no":"","data_vlm_inpt_val":"863","data_vlm_otput_val":"5919"}
,{"recd_seq":"CHNCTKORKF-1d64f415-36e0-4465-a32c-187756b425e3","call_type_id":"GPRS","imsi_id":"450087220136028","chage_id":"1070343039","calld_no":"","local_time":"20190610063334","recd_utc_offset":"800","tot_call_durat":"6","imei_id":"3573570990237200","callg_no":"","data_vlm_inpt_val":"0","data_vlm_otput_val":"1124"}
,{"recd_seq":"CHNCTKORKF-299b9996-80e1-43a6-865b-bdb32928370b","call_type_id":"GPRS","imsi_id":"450087220136028","chage_id":"1070343039","calld_no":"","local_time":"20190610063340","recd_utc_offset":"800","tot_call_durat":"146","imei_id":"3573570990237200","callg_no":"","data_vlm_inpt_val":"775","data_vlm_otput_val":"7663"}
,{"recd_seq":"CHNCTKORKF-c3c6f8d3-61c8-4d2d-b5ad-68fd652c99b7","call_type_id":"GPRS","imsi_id":"450087220136028","chage_id":"1070343039","calld_no":"","local_time":"20190610063606","recd_utc_offset":"800","tot_call_durat":"12","imei_id":"3573570990237200","callg_no":"","data_vlm_inpt_val":"22784","data_vlm_otput_val":"27121"}
,{"recd_seq":"CHNCTKORKF-2c69a6e6-a8d1-4141-9416-81b4d43b899d","call_type_id":"GPRS","imsi_id":"450087220136028","chage_id":"1070343039","calld_no":"","local_time":"20190610063618","recd_utc_offset":"800","tot_call_durat":"4","imei_id":"3573570990237200","callg_no":"","data_vlm_inpt_val":"0","data_vlm_otput_val":"1105"}
,{"recd_seq":"CHNCTKORKF-66a8a5a3-a46b-45c4-b542-0db9e44eb3a8","call_type_id":"GPRS","imsi_id":"450087220136028","chage_id":"1070343039","calld_no":"","local_time":"20190610063622","recd_utc_offset":"800","tot_call_durat":"7","imei_id":"3573570990237200","callg_no":"","data_vlm_inpt_val":"60","data_vlm_otput_val":"80"}
,{"recd_seq":"CHNCTKORKF-99eca751-0576-4849-b44f-10ae48dc8988","call_type_id":"GPRS","imsi_id":"450087220136028","chage_id":"1070343039","calld_no":"","local_time":"20190610063630","recd_utc_offset":"800","tot_call_durat":"67","imei_id":"3573570990237200","callg_no":"","data_vlm_inpt_val":"60","data_vlm_otput_val":"1785"}
,{"recd_seq":"CHNCTKORKF-9594fb70-cac8-47e8-bc04-e6f77b2f3d23","call_type_id":"GPRS","imsi_id":"450087220136028","chage_id":"1070343039","calld_no":"","local_time":"20190610063737","recd_utc_offset":"800","tot_call_durat":"15","imei_id":"3573570990237200","callg_no":"","data_vlm_inpt_val":"1389","data_vlm_otput_val":"5159"}
,{"recd_seq":"CHNCTKORKF-833cb7c0-9c2d-48a6-ad29-f5a24d9da23c","call_type_id":"GPRS","imsi_id":"450087220136028","chage_id":"1070343039","calld_no":"","local_time":"20190610063752","recd_utc_offset":"800","tot_call_durat":"2","imei_id":"3573570990237200","callg_no":"","data_vlm_inpt_val":"0","data_vlm_otput_val":"1662"}
,{"recd_seq":"CHNCTKORKF-b1b0f9d3-b8b7-41e2-9286-2a5b13d98075","call_type_id":"GPRS","imsi_id":"450087220136028","chage_id":"1070343039","calld_no":"","local_time":"20190610063754","recd_utc_offset":"800","tot_call_durat":"44","imei_id":"3573570990237200","callg_no":"","data_vlm_inpt_val":"1378","data_vlm_otput_val":"10730"}
,{"recd_seq":"CHNCTKORKF-636f8061-99d2-410a-9f9f-36caa84255bd","call_type_id":"GPRS","imsi_id":"450087220136028","chage_id":"1070343039","calld_no":"","local_time":"20190610063838","recd_utc_offset":"800","tot_call_durat":"13","imei_id":"3573570990237200","callg_no":"","data_vlm_inpt_val":"0","data_vlm_otput_val":"557"}
,{"recd_seq":"CHNCTKORKF-6659e6ad-90a0-4bb4-a017-3b8b3cd0bf8c","call_type_id":"GPRS","imsi_id":"450087220136028","chage_id":"1070343039","calld_no":"","local_time":"20190610063851","recd_utc_offset":"800","tot_call_durat":"21","imei_id":"3573570990237200","callg_no":"","data_vlm_inpt_val":"0","data_vlm_otput_val":"1388"}
,{"recd_seq":"CHNCTKORKF-d0df0239-50b6-4232-b03e-4f16bc024e90","call_type_id":"GPRS","imsi_id":"450087220136028","chage_id":"1070343039","calld_no":"","local_time":"20190610063912","recd_utc_offset":"800","tot_call_durat":"30","imei_id":"3573570990237200","callg_no":"","data_vlm_inpt_val":"545","data_vlm_otput_val":"6329"}
,{"recd_seq":"CHNCTKORKF-5f1573b3-9b43-46e3-b48f-9c2ad632dbff","call_type_id":"GPRS","imsi_id":"450087220136028","chage_id":"550227156","calld_no":"","local_time":"20190610051635","recd_utc_offset":"800","tot_call_durat":"1800","imei_id":"3592160739419920","callg_no":"","data_vlm_inpt_val":"1246","data_vlm_otput_val":"9652"}
,{"recd_seq":"CHNCTKORKF-d34f7a4c-fbca-4c43-8f5f-83660972b9ae","call_type_id":"GPRS","imsi_id":"450087220136028","chage_id":"939973279","calld_no":"","local_time":"20190610052331","recd_utc_offset":"800","tot_call_durat":"1800","imei_id":"3543830638082930","callg_no":"","data_vlm_inpt_val":"1354","data_vlm_otput_val":"1353"}
,{"recd_seq":"CHNCTKORKF-fc2adb51-7970-44fd-82c0-8f6ff7e9c2bf","call_type_id":"GPRS","imsi_id":"450087220136028","chage_id":"598837154","calld_no":"","local_time":"20190610060322","recd_utc_offset":"800","tot_call_durat":"1800","imei_id":"3544120514717800","callg_no":"","data_vlm_inpt_val":"259290","data_vlm_otput_val":"103152"}
,{"recd_seq":"CHNCTKORKF-dcf2d2c7-51c3-4402-9ad7-9fa07b0497e8","call_type_id":"GPRS","imsi_id":"450087220136028","chage_id":"1012679567","calld_no":"","local_time":"20190610060858","recd_utc_offset":"800","tot_call_durat":"1800","imei_id":"3554210772843120","callg_no":"","data_vlm_inpt_val":"75797","data_vlm_otput_val":"242939"}
,{"recd_seq":"CHNCTKORKF-d982429b-31f7-4729-afa7-c4a33c7dd63a","call_type_id":"GPRS","imsi_id":"450087220136028","chage_id":"140263290","calld_no":"","local_time":"20190610070255","recd_utc_offset":"800","tot_call_durat":"22","imei_id":"3571750907439900","callg_no":"","data_vlm_inpt_val":"28785","data_vlm_otput_val":"19008"}
,{"recd_seq":"CHNCTKORKF-9860cbcb-9f77-445d-a85b-99e49d6ddfad","call_type_id":"GPRS","imsi_id":"450087220136028","chage_id":"727459128","calld_no":"","local_time":"20190610065036","recd_utc_offset":"800","tot_call_durat":"1072","imei_id":"3583340802464300","callg_no":"","data_vlm_inpt_val":"74089","data_vlm_otput_val":"48250"}
,{"recd_seq":"CHNCTKORKF-c6d88d2d-188d-4f4e-bfc7-f723f52f4130","call_type_id":"GPRS","imsi_id":"450087220136028","chage_id":"494297946","calld_no":"","local_time":"20190610065447","recd_utc_offset":"800","tot_call_durat":"150","imei_id":"3535250943089600","callg_no":"","data_vlm_inpt_val":"862805","data_vlm_otput_val":"9623823"}
,{"recd_seq":"CHNCTKORKF-2aa21b4e-b375-4a65-8a4d-f0e7ac5bc1b6","call_type_id":"GPRS","imsi_id":"450087220136028","chage_id":"923194616","calld_no":"","local_time":"20190610065151","recd_utc_offset":"800","tot_call_durat":"316","imei_id":"3535110905532900","callg_no":"","data_vlm_inpt_val":"4780","data_vlm_otput_val":"5454"}
,{"recd_seq":"CHNCTKORKF-f58e0fb7-f3e1-45c4-8af1-1e1b61d87d4d","call_type_id":"GPRS","imsi_id":"450087220136028","chage_id":"923194616","calld_no":"","local_time":"20190610065707","recd_utc_offset":"800","tot_call_durat":"6","imei_id":"3535110905532900","callg_no":"","data_vlm_inpt_val":"181","data_vlm_otput_val":"271"}
,{"recd_seq":"CHNCTKORKF-ac1d1974-6a2b-46df-986d-32dfd8db3f15","call_type_id":"GPRS","imsi_id":"450087220136028","chage_id":"313625010","calld_no":"","local_time":"20190610065026","recd_utc_offset":"800","tot_call_durat":"611","imei_id":"3535250910047200","callg_no":"","data_vlm_inpt_val":"1773503","data_vlm_otput_val":"323652"}
,{"recd_seq":"CHNCTKORKF-52d7c7c3-b632-4c12-bc78-6382d86bdffb","call_type_id":"GPRS","imsi_id":"450087220136028","chage_id":"710678876","calld_no":"","local_time":"20190610070232","recd_utc_offset":"800","tot_call_durat":"115","imei_id":"3553320852128510","callg_no":"","data_vlm_inpt_val":"1904664","data_vlm_otput_val":"193562"}
,{"recd_seq":"CHNCTKORKF-b7d01685-e207-48fc-b712-a5ab507d8eb6","call_type_id":"GPRS","imsi_id":"450087220136028","chage_id":"494297946","calld_no":"","local_time":"20190610065717","recd_utc_offset":"800","tot_call_durat":"174","imei_id":"3535250943089600","callg_no":"","data_vlm_inpt_val":"283074","data_vlm_otput_val":"10203444"}
,{"recd_seq":"CHNCTKORKF-942b1fde-a768-4941-9a90-0dd261189dc7","call_type_id":"GPRS","imsi_id":"450087220136028","chage_id":"677132398","calld_no":"","local_time":"20190610065313","recd_utc_offset":"800","tot_call_durat":"106","imei_id":"0","callg_no":"","data_vlm_inpt_val":"5269","data_vlm_otput_val":"16847"}
,{"recd_seq":"CHNCTKORKF-0e8b5ab0-3d5e-4781-a631-ed7a50ca149f","call_type_id":"GPRS","imsi_id":"450087220136028","chage_id":"494297946","calld_no":"","local_time":"20190610064449","recd_utc_offset":"800","tot_call_durat":"150","imei_id":"3535250943089600","callg_no":"","data_vlm_inpt_val":"1556465","data_vlm_otput_val":"8929701"}
,{"recd_seq":"CHNCTKORKF-29aef32d-7fbb-4125-9389-793cf18b580b","call_type_id":"GPRS","imsi_id":"450087220136028","chage_id":"761017973","calld_no":"","local_time":"20190610063045","recd_utc_offset":"800","tot_call_durat":"1700","imei_id":"3556931003641910","callg_no":"","data_vlm_inpt_val":"231209","data_vlm_otput_val":"88998"}
,{"recd_seq":"CHNCTKORKF-0a8d434e-4fb3-4b08-9177-9c6c851cf72b","call_type_id":"GPRS","imsi_id":"450087220136028","chage_id":"761017973","calld_no":"","local_time":"20190610065944","recd_utc_offset":"800","tot_call_durat":"106","imei_id":"3556931003641910","callg_no":"","data_vlm_inpt_val":"23086","data_vlm_otput_val":"31742"}
,{"recd_seq":"CHNCTKORKF-8e0152cb-f84d-4765-9e41-1d8a568f3d7c","call_type_id":"GPRS","imsi_id":"450087220136028","chage_id":"761017973","calld_no":"","local_time":"20190610070133","recd_utc_offset":"800","tot_call_durat":"11","imei_id":"3556931003641910","callg_no":"","data_vlm_inpt_val":"4350","data_vlm_otput_val":"1328"}
,{"recd_seq":"CHNCTKORKF-a68d3c88-4bf1-43ab-8693-30087c14e3f0","call_type_id":"GPRS","imsi_id":"450087220136028","chage_id":"677132398","calld_no":"","local_time":"20190610065459","recd_utc_offset":"800","tot_call_durat":"129","imei_id":"3532910773261330","callg_no":"","data_vlm_inpt_val":"677","data_vlm_otput_val":"9949"}
,{"recd_seq":"CHNCTKORKF-cfd01ecb-68c5-41eb-8eb8-d2e50930132b","call_type_id":"GPRS","imsi_id":"450087220136028","chage_id":"106703192","calld_no":"","local_time":"20190610054956","recd_utc_offset":"800","tot_call_durat":"3600","imei_id":"3530410942637610","callg_no":"","data_vlm_inpt_val":"319369","data_vlm_otput_val":"132017"}
,{"recd_seq":"CHNCTKORKF-30104991-49e1-48a2-8d2b-347598e66eb6","call_type_id":"GPRS","imsi_id":"450087220136028","chage_id":"129077100","calld_no":"","local_time":"20190610063034","recd_utc_offset":"800","tot_call_durat":"1166","imei_id":"3583340853627200","callg_no":"","data_vlm_inpt_val":"79764","data_vlm_otput_val":"35955"}
,{"recd_seq":"CHNCTKORKF-42355d80-4fe4-4d7e-a984-58d538c9bedf","call_type_id":"GPRS","imsi_id":"450087220136028","chage_id":"503767020","calld_no":"","local_time":"20190610064625","recd_utc_offset":"800","tot_call_durat":"264","imei_id":"3551010913601700","callg_no":"","data_vlm_inpt_val":"349746","data_vlm_otput_val":"169595"}
,{"recd_seq":"CHNCTKORKF-b601147a-3710-41de-913e-a83f56ad7e8b","call_type_id":"GPRS","imsi_id":"450087220136028","chage_id":"6038572","calld_no":"","local_time":"20190610070618","recd_utc_offset":"800","tot_call_durat":"131","imei_id":"3583340826207400","callg_no":"","data_vlm_inpt_val":"1857445","data_vlm_otput_val":"239743"}
,{"recd_seq":"CHNCTKORKF-f63de487-7685-4842-be97-7d97631d3633","call_type_id":"GPRS","imsi_id":"450087220136028","chage_id":"1158224212","calld_no":"","local_time":"20190610064432","recd_utc_offset":"800","tot_call_durat":"823","imei_id":"0","callg_no":"","data_vlm_inpt_val":"73326","data_vlm_otput_val":"482485"}
,{"recd_seq":"CHNCTKORKF-e4f8d4c8-9c7d-4ad3-8388-fa8297f300ea","call_type_id":"GPRS","imsi_id":"450087220136028","chage_id":"78740270","calld_no":"","local_time":"20190610061617","recd_utc_offset":"800","tot_call_durat":"1987","imei_id":"3535250921234400","callg_no":"","data_vlm_inpt_val":"230480","data_vlm_otput_val":"292506"}
,{"recd_seq":"CHNCTKORKF-b16e9002-8ea3-45fd-9da2-e3ecd7600369","call_type_id":"GPRS","imsi_id":"450087220136028","chage_id":"520539789","calld_no":"","local_time":"20190610062649","recd_utc_offset":"800","tot_call_durat":"1800","imei_id":"3531160705917800","callg_no":"","data_vlm_inpt_val":"7023","data_vlm_otput_val":"5831"}
,{"recd_seq":"CHNCTKORKF-6fbcc9b1-5688-4d81-85a5-d68b0cba1f4e","call_type_id":"GPRS","imsi_id":"450087220136028","chage_id":"667661317","calld_no":"","local_time":"20190610070524","recd_utc_offset":"800","tot_call_durat":"9","imei_id":"3538050825741220","callg_no":"","data_vlm_inpt_val":"10758","data_vlm_otput_val":"3735"}
,{"recd_seq":"CHNCTKORKF-377db885-382a-4372-b682-c83f75c8697c","call_type_id":"GPRS","imsi_id":"450087220136028","chage_id":"494297946","calld_no":"","local_time":"20190610064719","recd_utc_offset":"800","tot_call_durat":"172","imei_id":"3535250943089600","callg_no":"","data_vlm_inpt_val":"355987","data_vlm_otput_val":"10129861"}
,{"recd_seq":"CHNCTKORKF-94e4e473-ebf7-4094-936e-41ab2bc8a7d2","call_type_id":"GPRS","imsi_id":"450087220136028","chage_id":"1186193304","calld_no":"","local_time":"20190610064026","recd_utc_offset":"800","tot_call_durat":"692","imei_id":"3583340849034000","callg_no":"","data_vlm_inpt_val":"850934","data_vlm_otput_val":"9635580"}
,{"recd_seq":"CHNCTKORKF-af71bddc-575e-46f4-b24f-d3511e030e6c","call_type_id":"GPRS","imsi_id":"450087220136028","chage_id":"667661317","calld_no":"","local_time":"20190610065723","recd_utc_offset":"800","tot_call_durat":"15","imei_id":"3538050825741220","callg_no":"","data_vlm_inpt_val":"18504","data_vlm_otput_val":"12922"}
,{"recd_seq":"CHNCTKORKF-d5e6f7bd-b457-4424-8a7d-7b5c9cec535c","call_type_id":"GPRS","imsi_id":"450087220136028","chage_id":"818690688","calld_no":"","local_time":"20190610054741","recd_utc_offset":"800","tot_call_durat":"3600","imei_id":"3535250900749200","callg_no":"","data_vlm_inpt_val":"4391","data_vlm_otput_val":"1609"}
,{"recd_seq":"CHNCTKORKF-5c342263-509d-4385-9229-68f5e8cbff7d","call_type_id":"GPRS","imsi_id":"450087220136028","chage_id":"313625010","calld_no":"","local_time":"20190610070248","recd_utc_offset":"800","tot_call_durat":"418","imei_id":"3535250910047200","callg_no":"","data_vlm_inpt_val":"1817825","data_vlm_otput_val":"280393"}
,{"recd_seq":"CHNCTKORKF-54e5a4a4-3ca3-458b-ab45-4134d5d379b5","call_type_id":"GPRS","imsi_id":"450087220136028","chage_id":"91667896","calld_no":"","local_time":"20190610065928","recd_utc_offset":"800","tot_call_durat":"15","imei_id":"3588000832099000","callg_no":"","data_vlm_inpt_val":"2004047","data_vlm_otput_val":"93639"}
,{"recd_seq":"CHNCTKORKF-f55ff7f6-e9f1-4d2f-b782-93fe3bfa7c41","call_type_id":"GPRS","imsi_id":"450087220136028","chage_id":"947317925","calld_no":"","local_time":"20190610061108","recd_utc_offset":"800","tot_call_durat":"2628","imei_id":"3571750907439900","callg_no":"","data_vlm_inpt_val":"808697","data_vlm_otput_val":"529320"}
,{"recd_seq":"CHNCTKORKF-73f81de2-1040-4abb-bae6-3f167ebc681c","call_type_id":"GPRS","imsi_id":"450087220136028","chage_id":"494297946","calld_no":"","local_time":"20190610065011","recd_utc_offset":"800","tot_call_durat":"125","imei_id":"3535250943089600","callg_no":"","data_vlm_inpt_val":"2773804","data_vlm_otput_val":"7712018"}
,{"recd_seq":"CHNCTKORKF-67b247fc-c161-4bc1-9d18-8fd4c3903086","call_type_id":"GPRS","imsi_id":"450087220136028","chage_id":"408693463","calld_no":"","local_time":"20190610054858","recd_utc_offset":"800","tot_call_durat":"3600","imei_id":"3515650906652800","callg_no":"","data_vlm_inpt_val":"6969674","data_vlm_otput_val":"879669"}
,{"recd_seq":"CHNCTKORKF-5215fe66-6110-4d8f-81a4-d70ef18d0112","call_type_id":"GPRS","imsi_id":"450087220136028","chage_id":"872866308","calld_no":"","local_time":"20190610060933","recd_utc_offset":"800","tot_call_durat":"3600","imei_id":"3548600906096310","callg_no":"","data_vlm_inpt_val":"1050","data_vlm_otput_val":"1270"}
,{"recd_seq":"CHNCTKORKF-55c2b748-e81f-4019-82f9-c5555c25c567","call_type_id":"GPRS","imsi_id":"450087220136028","chage_id":"313625010","calld_no":"","local_time":"20190610070037","recd_utc_offset":"800","tot_call_durat":"131","imei_id":"3535250910047200","callg_no":"","data_vlm_inpt_val":"1942908","data_vlm_otput_val":"155225"}
,{"recd_seq":"CHNCTKORKF-4877183e-e88e-4325-9389-6c2fa4ee3196","call_type_id":"GPRS","imsi_id":"450087220136028","chage_id":"6038572","calld_no":"","local_time":"20190610060618","recd_utc_offset":"800","tot_call_durat":"3600","imei_id":"3583340826207400","callg_no":"","data_vlm_inpt_val":"335827","data_vlm_otput_val":"173897"}
,{"recd_seq":"CHNCTKORKF-19e89846-f39c-4eda-9fd8-192a4dc0ba41","call_type_id":"GPRS","imsi_id":"450087220136028","chage_id":"667661317","calld_no":"","local_time":"20190610062732","recd_utc_offset":"800","tot_call_durat":"1794","imei_id":"3538050825741220","callg_no":"","data_vlm_inpt_val":"66889","data_vlm_otput_val":"19941"}
,{"recd_seq":"CHNCTKORKF-78f26d85-5082-4ffd-858a-ea2d438948ab","call_type_id":"GPRS","imsi_id":"450087220136028","chage_id":"841067339","calld_no":"","local_time":"20190610063745","recd_utc_offset":"800","tot_call_durat":"1176","imei_id":"3535250924671800","callg_no":"","data_vlm_inpt_val":"72395","data_vlm_otput_val":"34251"}
,{"recd_seq":"CHNCTKORKF-959cf4be-2bde-4cd4-bc05-7d9387fee945","call_type_id":"GPRS","imsi_id":"450087220136028","chage_id":"425474629","calld_no":"","local_time":"20190610065912","recd_utc_offset":"800","tot_call_durat":"44","imei_id":"3573590953424700","callg_no":"","data_vlm_inpt_val":"12992","data_vlm_otput_val":"21378"}
,{"recd_seq":"CHNCTKORKF-e4e98d4e-2de1-4965-894a-e43b656886d9","call_type_id":"GPRS","imsi_id":"450087220136028","chage_id":"710678876","calld_no":"","local_time":"20190610061010","recd_utc_offset":"800","tot_call_durat":"3142","imei_id":"3553320852128510","callg_no":"","data_vlm_inpt_val":"1923416","data_vlm_otput_val":"174613"}
,{"recd_seq":"CHNCTKORKF-1199fb4b-1ef1-44b4-b189-33b0fdfa6d1e","call_type_id":"GPRS","imsi_id":"450087220136028","chage_id":"494297946","calld_no":"","local_time":"20190610065216","recd_utc_offset":"800","tot_call_durat":"151","imei_id":"3535250943089600","callg_no":"","data_vlm_inpt_val":"1140251","data_vlm_otput_val":"9345901"}
,{"recd_seq":"CHNCTKORKF-6eed0a57-b014-407a-a5e2-394f35ab3f76","call_type_id":"GPRS","imsi_id":"450087220136028","chage_id":"628511455","calld_no":"","local_time":"20190610060519","recd_utc_offset":"800","tot_call_durat":"3600","imei_id":"3535110919770700","callg_no":"","data_vlm_inpt_val":"4391","data_vlm_otput_val":"1689"}
,{"recd_seq":"CHNCTKORKF-c31592e6-2d4d-4bf0-a827-fd9b6b9faad5","call_type_id":"GPRS","imsi_id":"450087220136028","chage_id":"425474629","calld_no":"","local_time":"20190610070225","recd_utc_offset":"800","tot_call_durat":"48","imei_id":"3573590953424700","callg_no":"","data_vlm_inpt_val":"2499","data_vlm_otput_val":"17654"}
,{"recd_seq":"CHNCTKORKF-da0b8198-2daa-4894-ae89-f1ab8032bb6e","call_type_id":"GPRS","imsi_id":"450087220136028","chage_id":"425474629","calld_no":"","local_time":"20190610065607","recd_utc_offset":"800","tot_call_durat":"190","imei_id":"3573590953424700","callg_no":"","data_vlm_inpt_val":"29843","data_vlm_otput_val":"51341"}
,{"recd_seq":"CHNCTKORKF-66928fd2-d736-46e0-9181-9a640e0747e3","call_type_id":"GPRS","imsi_id":"450087220136028","chage_id":"460739262","calld_no":"","local_time":"20190610061041","recd_utc_offset":"800","tot_call_durat":"121","imei_id":"3538160884499120","callg_no":"","data_vlm_inpt_val":"149361","data_vlm_otput_val":"54203"}
,{"recd_seq":"CHNCTKORKF-cf82f8de-45d3-4519-bbd7-31ebfeb72e33","call_type_id":"GPRS","imsi_id":"450087220136028","chage_id":"896937939","calld_no":"","local_time":"20190610054627","recd_utc_offset":"800","tot_call_durat":"1347","imei_id":"3583340814962200","callg_no":"","data_vlm_inpt_val":"8977019","data_vlm_otput_val":"1508992"}
,{"recd_seq":"CHNCTKORKF-c695f25d-afbd-4d02-a312-c606d37c4866","call_type_id":"GPRS","imsi_id":"450087220136028","chage_id":"1064725271","calld_no":"","local_time":"20190610062511","recd_utc_offset":"800","tot_call_durat":"99","imei_id":"3573570940196700","callg_no":"","data_vlm_inpt_val":"0","data_vlm_otput_val":"0"}
,{"recd_seq":"CHNCTKORKF-fb999aef-ed7e-4202-ab8b-ac126a09c82e","call_type_id":"GPRS","imsi_id":"450087220136028","chage_id":"673265264","calld_no":"","local_time":"20190610054524","recd_utc_offset":"800","tot_call_durat":"1801","imei_id":"3535250923939400","callg_no":"","data_vlm_inpt_val":"0","data_vlm_otput_val":"0"}
,{"recd_seq":"CHNCTKORKF-e694277c-dcb2-4442-aabc-d2883d30f01e","call_type_id":"GPRS","imsi_id":"450087220136028","chage_id":"628509731","calld_no":"","local_time":"20190610060940","recd_utc_offset":"800","tot_call_durat":"1342","imei_id":"3583340853672500","callg_no":"","data_vlm_inpt_val":"258906262","data_vlm_otput_val":"3252441"}
,{"recd_seq":"CHNCTKORKF-21f05f15-2676-4132-9a78-3f4f3c61ab9e","call_type_id":"GPRS","imsi_id":"450087220136028","chage_id":"986418475","calld_no":"","local_time":"20190610053647","recd_utc_offset":"800","tot_call_durat":"1800","imei_id":"3535250915497100","callg_no":"","data_vlm_inpt_val":"689523","data_vlm_otput_val":"407708"}
,{"recd_seq":"CHNCTKORKF-fc9325bd-3061-4476-9234-9c0b73a178ae","call_type_id":"GPRS","imsi_id":"450087220136028","chage_id":"192346373","calld_no":"","local_time":"20190610054257","recd_utc_offset":"800","tot_call_durat":"3600","imei_id":"3583340821429200","callg_no":"","data_vlm_inpt_val":"0","data_vlm_otput_val":"0"}
,{"recd_seq":"CHNCTKORKF-f1b9e1db-d9f4-41fd-9f94-df9742eddffa","call_type_id":"GPRS","imsi_id":"450087220136028","chage_id":"145860130","calld_no":"","local_time":"20190610054947","recd_utc_offset":"800","tot_call_durat":"1800","imei_id":"3535110911991600","callg_no":"","data_vlm_inpt_val":"0","data_vlm_otput_val":"0"}
,{"recd_seq":"CHNCTKORKF-5491b510-297b-4ead-b94b-9e454142f146","call_type_id":"GPRS","imsi_id":"450087220136028","chage_id":"494297251","calld_no":"","local_time":"20190610060501","recd_utc_offset":"800","tot_call_durat":"1800","imei_id":"3573500903160300","callg_no":"","data_vlm_inpt_val":"1148","data_vlm_otput_val":"1035"}
,{"recd_seq":"CHNCTKORKF-e2956943-5599-4a0d-b757-92b7fcb92bec","call_type_id":"GPRS","imsi_id":"450087220136028","chage_id":"436657040","calld_no":"","local_time":"20190610060233","recd_utc_offset":"800","tot_call_durat":"2094","imei_id":"3583340804283600","callg_no":"","data_vlm_inpt_val":"10561624","data_vlm_otput_val":"972618"}
,{"recd_seq":"CHNCTKORKF-09ce5d81-ebc4-4cc3-9308-8f2716fdc65c","call_type_id":"GPRS","imsi_id":"450087220136028","chage_id":"231479696","calld_no":"","local_time":"20190610054824","recd_utc_offset":"800","tot_call_durat":"2338","imei_id":"3535250925250400","callg_no":"","data_vlm_inpt_val":"0","data_vlm_otput_val":"0"}
,{"recd_seq":"CHNCTKORKF-ed6bb471-24e5-4cd8-9e44-ec4f0e015a6b","call_type_id":"GPRS","imsi_id":"450087220136028","chage_id":"634143903","calld_no":"","local_time":"20190610053923","recd_utc_offset":"800","tot_call_durat":"1800","imei_id":"3583590629858230","callg_no":"","data_vlm_inpt_val":"0","data_vlm_otput_val":"0"}
,{"recd_seq":"CHNCTKORKF-432625a7-ed81-4534-b5dd-6a5cfbf556e6","call_type_id":"GPRS","imsi_id":"450087220136028","chage_id":"980836650","calld_no":"","local_time":"20190610055516","recd_utc_offset":"800","tot_call_durat":"1800","imei_id":"3529890934893910","callg_no":"","data_vlm_inpt_val":"0","data_vlm_otput_val":"0"}
,{"recd_seq":"CHNCTKORKF-e0d16b16-c547-4c1f-a8bf-778ee729f6e9","call_type_id":"GPRS","imsi_id":"450087220136028","chage_id":"436657299","calld_no":"","local_time":"20190610060239","recd_utc_offset":"800","tot_call_durat":"1","imei_id":"3554260713657130","callg_no":"","data_vlm_inpt_val":"0","data_vlm_otput_val":"0"}
,{"recd_seq":"CHNCTKORKF-7dc5f14b-4501-4d0e-a931-1ada1402b20e","call_type_id":"GPRS","imsi_id":"450087220136028","chage_id":"639644127","calld_no":"","local_time":"20190610053631","recd_utc_offset":"800","tot_call_durat":"1800","imei_id":"3571750902760000","callg_no":"","data_vlm_inpt_val":"0","data_vlm_otput_val":"0"}
,{"recd_seq":"CHNCTKORKF-2f9a3183-d917-45e7-826b-daf157f066aa","call_type_id":"GPRS","imsi_id":"450087220136028","chage_id":"917603958","calld_no":"","local_time":"20190610055317","recd_utc_offset":"800","tot_call_durat":"1800","imei_id":"3592180754695420","callg_no":"","data_vlm_inpt_val":"0","data_vlm_otput_val":"0"}
,{"recd_seq":"CHNCTKORKF-8b1d92fb-296c-4af6-852e-42c7558ef767","call_type_id":"GPRS","imsi_id":"450087220136028","chage_id":"375134535","calld_no":"","local_time":"20190610055616","recd_utc_offset":"800","tot_call_durat":"2376","imei_id":"3554300782873930","callg_no":"","data_vlm_inpt_val":"0","data_vlm_otput_val":"0"}
,{"recd_seq":"CHNCTKORKF-822a57cc-3b69-42f7-9ff0-08f59a60c4c7","call_type_id":"GPRS","imsi_id":"450087220136028","chage_id":"382488397","calld_no":"","local_time":"20190610060135","recd_utc_offset":"800","tot_call_durat":"1800","imei_id":"3535110922911200","callg_no":"","data_vlm_inpt_val":"49485","data_vlm_otput_val":"25099"}
,{"recd_seq":"CHNCTKORKF-997586d3-e76a-4c9b-a747-2d21b7548e55","call_type_id":"GPRS","imsi_id":"450087220136028","chage_id":"822531361","calld_no":"","local_time":"20190610055631","recd_utc_offset":"800","tot_call_durat":"1800","imei_id":"3587460932029200","callg_no":"","data_vlm_inpt_val":"0","data_vlm_otput_val":"0"}
,{"recd_seq":"CHNCTKORKF-43d12654-0307-4b9b-9a7f-68c67aa6218d","call_type_id":"GPRS","imsi_id":"450087220136028","chage_id":"483024002","calld_no":"","local_time":"20190610054447","recd_utc_offset":"800","tot_call_durat":"1800","imei_id":"3554140737076830","callg_no":"","data_vlm_inpt_val":"0","data_vlm_otput_val":"0"}
,{"recd_seq":"CHNCTKORKF-4c5f5dea-172d-4739-aae2-bfb3ac7ac670","call_type_id":"GPRS","imsi_id":"450087220136028","chage_id":"733053210","calld_no":"","local_time":"20190610054323","recd_utc_offset":"800","tot_call_durat":"1800","imei_id":"3583340831395200","callg_no":"","data_vlm_inpt_val":"144131","data_vlm_otput_val":"57918"}
,{"recd_seq":"CHNCTKORKF-95bfb069-8667-4c5f-b3d0-ea4b952a4212","call_type_id":"GPRS","imsi_id":"450087220136028","chage_id":"482998069","calld_no":"","local_time":"20190610055940","recd_utc_offset":"800","tot_call_durat":"1800","imei_id":"3538090861163320","callg_no":"","data_vlm_inpt_val":"0","data_vlm_otput_val":"0"}
,{"recd_seq":"CHNCTKORKF-556368ab-eabd-4d3c-b516-de37e68ac56b","call_type_id":"GPRS","imsi_id":"450087220136028","chage_id":"235337149","calld_no":"","local_time":"20190610054400","recd_utc_offset":"800","tot_call_durat":"1800","imei_id":"3553580803145920","callg_no":"","data_vlm_inpt_val":"108","data_vlm_otput_val":"2144"}
,{"recd_seq":"CHNCTKORKF-8b1846f6-eaae-497f-8ca2-4aca1000a923","call_type_id":"GPRS","imsi_id":"450087220136028","chage_id":"375133841","calld_no":"","local_time":"20190610054906","recd_utc_offset":"800","tot_call_durat":"1800","imei_id":"3533140739008630","callg_no":"","data_vlm_inpt_val":"11507","data_vlm_otput_val":"39501"}
,{"recd_seq":"CHNCTKORKF-73065b6f-b889-4e44-8c7d-b902ea1c09fb","call_type_id":"GPRS","imsi_id":"450087220136028","chage_id":"856088834","calld_no":"","local_time":"20190610054030","recd_utc_offset":"800","tot_call_durat":"1800","imei_id":"3583340866157900","callg_no":"","data_vlm_inpt_val":"0","data_vlm_otput_val":"0"}
,{"recd_seq":"CHNCTKORKF-f45777d0-ae07-40bc-8d24-930071b70f22","call_type_id":"GPRS","imsi_id":"450087220136028","chage_id":"186715002","calld_no":"","local_time":"20190610053827","recd_utc_offset":"800","tot_call_durat":"1800","imei_id":"3572120963635000","callg_no":"","data_vlm_inpt_val":"0","data_vlm_otput_val":"0"}
,{"recd_seq":"CHNCTKORKF-503fc86f-4e51-40be-83e1-fb16f53600e5","call_type_id":"GPRS","imsi_id":"450087220136028","chage_id":"453356751","calld_no":"","local_time":"20190610055757","recd_utc_offset":"800","tot_call_durat":"1800","imei_id":"3567700840712910","callg_no":"","data_vlm_inpt_val":"0","data_vlm_otput_val":"0"}
,{"recd_seq":"CHNCTKORKF-9c3319db-b2c9-49b7-9540-fc5d8f2c50b0","call_type_id":"GPRS","imsi_id":"450087220136028","chage_id":"695664512","calld_no":"","local_time":"20190610053628","recd_utc_offset":"800","tot_call_durat":"1800","imei_id":"3554500733274920","callg_no":"","data_vlm_inpt_val":"210126","data_vlm_otput_val":"33992"}
,{"recd_seq":"CHNCTKORKF-6926da3a-8758-440d-8c64-42a56d899bfd","call_type_id":"GPRS","imsi_id":"450087220136028","chage_id":"179402286","calld_no":"","local_time":"20190610060730","recd_utc_offset":"800","tot_call_durat":"1963","imei_id":"3583340816398300","callg_no":"","data_vlm_inpt_val":"16413657","data_vlm_otput_val":"17149690"}
,{"recd_seq":"CHNCTKORKF-cf2892c7-5a67-4932-b262-c14f21db5bbb","call_type_id":"GPRS","imsi_id":"450087220136028","chage_id":"587659166","calld_no":"","local_time":"20190610053719","recd_utc_offset":"800","tot_call_durat":"1800","imei_id":"3538150819327020","callg_no":"","data_vlm_inpt_val":"653","data_vlm_otput_val":"7022"}
,{"recd_seq":"CHNCTKORKF-c090b7ef-0edf-4b87-93c6-227c9806ace6","call_type_id":"GPRS","imsi_id":"450087220136028","chage_id":"962335665","calld_no":"","local_time":"20190610054115","recd_utc_offset":"800","tot_call_durat":"3600","imei_id":"3520470731780930","callg_no":"","data_vlm_inpt_val":"0","data_vlm_otput_val":"0"}
,{"recd_seq":"CHNCTKORKF-493fde7e-5d58-4b87-92ec-36bf20c6d6f4","call_type_id":"GPRS","imsi_id":"450087220136028","chage_id":"962335665","calld_no":"","local_time":"20190610064115","recd_utc_offset":"800","tot_call_durat":"0","imei_id":"3520470731780930","callg_no":"","data_vlm_inpt_val":"0","data_vlm_otput_val":"0"}
,{"recd_seq":"CHNCTKORKF-5269e82f-6d0a-4ece-be82-51a776060927","call_type_id":"GPRS","imsi_id":"450087220136028","chage_id":"511092107","calld_no":"","local_time":"20190610055050","recd_utc_offset":"800","tot_call_durat":"1800","imei_id":"3583340823620200","callg_no":"","data_vlm_inpt_val":"0","data_vlm_otput_val":"0"}
,{"recd_seq":"CHNCTKORKF-d573e838-7c3b-4e29-ac65-e2bcfe66f4ad","call_type_id":"GPRS","imsi_id":"450087220136028","chage_id":"522273692","calld_no":"","local_time":"20190610055549","recd_utc_offset":"800","tot_call_durat":"756","imei_id":"3553250758967300","callg_no":"","data_vlm_inpt_val":"862","data_vlm_otput_val":"924"}
,{"recd_seq":"CHNCTKORKF-d6c59f5e-9c61-4e95-af5f-7606faa1beb3","call_type_id":"GPRS","imsi_id":"450087220136028","chage_id":"248257749","calld_no":"","local_time":"20190610063837","recd_utc_offset":"800","tot_call_durat":"40","imei_id":"3578720803631200","callg_no":"","data_vlm_inpt_val":"0","data_vlm_otput_val":"0"}
,{"recd_seq":"CHNCTKORKF-a4644497-eca4-4dca-a1a6-bb88534af7c1","call_type_id":"GPRS","imsi_id":"450087220136028","chage_id":"561350192","calld_no":"","local_time":"20190610055644","recd_utc_offset":"800","tot_call_durat":"1800","imei_id":"3554270768548430","callg_no":"","data_vlm_inpt_val":"0","data_vlm_otput_val":"0"}
,{"recd_seq":"CHNCTKORKF-d2efa979-d905-4128-9e3a-4e9b6505a29f","call_type_id":"GPRS","imsi_id":"450087220136028","chage_id":"1102295478","calld_no":"","local_time":"20190610062702","recd_utc_offset":"800","tot_call_durat":"175","imei_id":"3572820950529400","callg_no":"","data_vlm_inpt_val":"9882465","data_vlm_otput_val":"604488"}
,{"recd_seq":"CHNCTKORKF-72af180e-661e-4ff3-ae84-d52bdd04d9d4","call_type_id":"GPRS","imsi_id":"450087220136028","chage_id":"1051818903","calld_no":"","local_time":"20190610052759","recd_utc_offset":"800","tot_call_durat":"1800","imei_id":"3592050783518320","callg_no":"","data_vlm_inpt_val":"0","data_vlm_otput_val":"0"}
,{"recd_seq":"CHNCTKORKF-605ba7cf-5c1e-4b2e-9cd7-e1922bf36c3c","call_type_id":"GPRS","imsi_id":"450087220136028","chage_id":"723597284","calld_no":"","local_time":"20190610061618","recd_utc_offset":"800","tot_call_durat":"82","imei_id":"3556070804486500","callg_no":"","data_vlm_inpt_val":"9295","data_vlm_otput_val":"6168"}
,{"recd_seq":"CHNCTKORKF-2c6dd7ca-c28a-4093-af44-ef4d6a060066","call_type_id":"GPRS","imsi_id":"450087220136028","chage_id":"749714528","calld_no":"","local_time":"20190610053744","recd_utc_offset":"800","tot_call_durat":"1800","imei_id":"3556840727501430","callg_no":"","data_vlm_inpt_val":"0","data_vlm_otput_val":"0"}
,{"recd_seq":"CHNCTKORKF-1486b3e0-9d70-4a75-8463-8cfb04f05afd","call_type_id":"GPRS","imsi_id":"450087220136028","chage_id":"152947038","calld_no":"","local_time":"20190610055257","recd_utc_offset":"800","tot_call_durat":"1800","imei_id":"3567650843603200","callg_no":"","data_vlm_inpt_val":"0","data_vlm_otput_val":"0"}
,{"recd_seq":"CHNCTKORKF-9c8acf2f-04ed-487d-8cb3-a8b0307da8a7","call_type_id":"GPRS","imsi_id":"450087220136028","chage_id":"1130258966","calld_no":"","local_time":"20190610052809","recd_utc_offset":"800","tot_call_durat":"1800","imei_id":"3545691002570000","callg_no":"","data_vlm_inpt_val":"0","data_vlm_otput_val":"0"}
,{"recd_seq":"CHNCTKORKF-7cb5eace-819b-46ea-afef-48444ee622d0","call_type_id":"GPRS","imsi_id":"450087220136028","chage_id":"645326651","calld_no":"","local_time":"20190610054524","recd_utc_offset":"800","tot_call_durat":"1800","imei_id":"3583340834296300","callg_no":"","data_vlm_inpt_val":"2459009","data_vlm_otput_val":"388753"}
,{"recd_seq":"CHNCTKORKF-76aba463-9c8e-4437-a103-9545a9c1129e","call_type_id":"GPRS","imsi_id":"450087220136028","chage_id":"593244198","calld_no":"","local_time":"20190610053515","recd_utc_offset":"800","tot_call_durat":"1800","imei_id":"3533370709070130","callg_no":"","data_vlm_inpt_val":"0","data_vlm_otput_val":"0"}
,{"recd_seq":"CHNCTKORKF-c03e7325-14d0-4211-96ae-fada1b745f24","call_type_id":"GPRS","imsi_id":"450087220136028","chage_id":"17222599","calld_no":"","local_time":"20190610054036","recd_utc_offset":"800","tot_call_durat":"3600","imei_id":"3583340833325700","callg_no":"","data_vlm_inpt_val":"129111","data_vlm_otput_val":"1926122"}
,{"recd_seq":"CHNCTKORKF-4d017215-c9de-42df-9bb3-5b2ee013a59e","call_type_id":"GPRS","imsi_id":"450087220136028","chage_id":"483023201","calld_no":"","local_time":"20190610053722","recd_utc_offset":"800","tot_call_durat":"1800","imei_id":"3554140737076830","callg_no":"","data_vlm_inpt_val":"0","data_vlm_otput_val":"0"}
,{"recd_seq":"CHNCTKORKF-9901b38a-bed1-4bfa-a9c7-936b0612bf32","call_type_id":"GPRS","imsi_id":"450087220136028","chage_id":"464522073","calld_no":"","local_time":"20190610055826","recd_utc_offset":"800","tot_call_durat":"1800","imei_id":"3533210707904030","callg_no":"","data_vlm_inpt_val":"0","data_vlm_otput_val":"0"}
,{"recd_seq":"CHNCTKORKF-abc00d46-fb89-4a33-9b76-9000e2ce1b22","call_type_id":"GPRS","imsi_id":"450087220136028","chage_id":"1014414265","calld_no":"","local_time":"20190610054847","recd_utc_offset":"800","tot_call_durat":"3600","imei_id":"3583340864395300","callg_no":"","data_vlm_inpt_val":"0","data_vlm_otput_val":"0"}
,{"recd_seq":"CHNCTKORKF-c1b56885-0e4a-4d23-b8e0-0a4937934d99","call_type_id":"GPRS","imsi_id":"450087220136028","chage_id":"835451397","calld_no":"","local_time":"20190610055204","recd_utc_offset":"800","tot_call_durat":"3600","imei_id":"3583340859082100","callg_no":"","data_vlm_inpt_val":"607193","data_vlm_otput_val":"349094"}
,{"recd_seq":"CHNCTKORKF-b8848cc9-02fc-43d0-9ffa-63d6cf56e81c","call_type_id":"GPRS","imsi_id":"450087220136028","chage_id":"320900662","calld_no":"","local_time":"20190610055841","recd_utc_offset":"800","tot_call_durat":"1800","imei_id":"3583340839632400","callg_no":"","data_vlm_inpt_val":"0","data_vlm_otput_val":"0"}
,{"recd_seq":"CHNCTKORKF-2a4c8f0c-ed5b-4e64-a5be-3de6effa11f0","call_type_id":"GPRS","imsi_id":"450087220136028","chage_id":"718028941","calld_no":"","local_time":"20190610052112","recd_utc_offset":"800","tot_call_durat":"3600","imei_id":"3538090831667320","callg_no":"","data_vlm_inpt_val":"4655","data_vlm_otput_val":"12974"}
,{"recd_seq":"CHNCTKORKF-d80e2350-88ea-4aa0-b58d-cbaed4d05540","call_type_id":"GPRS","imsi_id":"450087220136028","chage_id":"427007827","calld_no":"","local_time":"20190610055618","recd_utc_offset":"800","tot_call_durat":"1800","imei_id":"3553250706626200","callg_no":"","data_vlm_inpt_val":"0","data_vlm_otput_val":"0"}
,{"recd_seq":"CHNCTKORKF-3aa1b8df-ea85-4a72-99e1-cd2beecccdf1","call_type_id":"GPRS","imsi_id":"450087220136028","chage_id":"917603776","calld_no":"","local_time":"20190610054759","recd_utc_offset":"800","tot_call_durat":"1800","imei_id":"3535250913460600","callg_no":"","data_vlm_inpt_val":"453392","data_vlm_otput_val":"236523"}
,{"recd_seq":"CHNCTKORKF-71605377-777f-4e55-a3b8-5bf5afde500c","call_type_id":"GPRS","imsi_id":"450087220136028","chage_id":"800163543","calld_no":"","local_time":"20190610055254","recd_utc_offset":"800","tot_call_durat":"1800","imei_id":"3583340820656400","callg_no":"","data_vlm_inpt_val":"0","data_vlm_otput_val":"0"}
,{"recd_seq":"CHNCTKORKF-6568107f-663e-4bde-9cf4-c80a587f10f5","call_type_id":"GPRS","imsi_id":"450087220136028","chage_id":"248257478","calld_no":"","local_time":"20190610052954","recd_utc_offset":"800","tot_call_durat":"1800","imei_id":"3535250904940400","callg_no":"","data_vlm_inpt_val":"0","data_vlm_otput_val":"0"}
,{"recd_seq":"CHNCTKORKF-acd7474d-9baf-4dea-9672-597c8f70f1fb","call_type_id":"GPRS","imsi_id":"450087220136028","chage_id":"157034246","calld_no":"","local_time":"20190610053651","recd_utc_offset":"800","tot_call_durat":"1800","imei_id":"3538020803662420","callg_no":"","data_vlm_inpt_val":"12983","data_vlm_otput_val":"5963"}
,{"recd_seq":"CHNCTKORKF-59bfcf6a-245a-4937-a1ca-ae5f5c699c11","call_type_id":"GPRS","imsi_id":"450087220136028","chage_id":"192345714","calld_no":"","local_time":"20190610055334","recd_utc_offset":"800","tot_call_durat":"1800","imei_id":"3535250902304700","callg_no":"","data_vlm_inpt_val":"600063","data_vlm_otput_val":"143280"}
,{"recd_seq":"CHNCTKORKF-9e020615-7b85-4a93-9f97-59bd1eb98086","call_type_id":"GPRS","imsi_id":"450087220136028","chage_id":"173812700","calld_no":"","local_time":"20190610054225","recd_utc_offset":"800","tot_call_durat":"3600","imei_id":"3594050836556110","callg_no":"","data_vlm_inpt_val":"0","data_vlm_otput_val":"0"}
,{"recd_seq":"CHNCTKORKF-ac2958d2-1acc-4f6c-b7d6-3e0ff4971519","call_type_id":"GPRS","imsi_id":"450087220136028","chage_id":"766607802","calld_no":"","local_time":"20190610054205","recd_utc_offset":"800","tot_call_durat":"1800","imei_id":"3583340852488400","callg_no":"","data_vlm_inpt_val":"41440","data_vlm_otput_val":"27281"}
,{"recd_seq":"CHNCTKORKF-87557ed7-2317-41a8-bf19-292131bf9b06","call_type_id":"GPRS","imsi_id":"450087220136028","chage_id":"611745643","calld_no":"","local_time":"20190610055211","recd_utc_offset":"800","tot_call_durat":"3600","imei_id":"3583340846019900","callg_no":"","data_vlm_inpt_val":"0","data_vlm_otput_val":"0"}
,{"recd_seq":"CHNCTKORKF-3f5bc8a1-7ea0-4dfb-b61e-fefcbce3b91a","call_type_id":"GPRS","imsi_id":"450087220136028","chage_id":"723597284","calld_no":"","local_time":"20190610054036","recd_utc_offset":"800","tot_call_durat":"2160","imei_id":"3556070804486500","callg_no":"","data_vlm_inpt_val":"1167488","data_vlm_otput_val":"409985"}
,{"recd_seq":"CHNCTKORKF-aecd6c0b-4f1a-4e88-abb6-81de826b8d08","call_type_id":"GPRS","imsi_id":"450087220136028","chage_id":"58062060","calld_no":"","local_time":"20190610053939","recd_utc_offset":"800","tot_call_durat":"1800","imei_id":"3592240716140820","callg_no":"","data_vlm_inpt_val":"735","data_vlm_otput_val":"739"}
,{"recd_seq":"CHNCTKORKF-1990a74b-63b7-4c03-a3e5-6fb400a491ee","call_type_id":"GPRS","imsi_id":"450087220136028","chage_id":"811348988","calld_no":"","local_time":"20190610054507","recd_utc_offset":"800","tot_call_durat":"3600","imei_id":"3548340956650310","callg_no":"","data_vlm_inpt_val":"0","data_vlm_otput_val":"0"}
,{"recd_seq":"CHNCTKORKF-717c2174-97a4-4ac4-9150-ae6dae30b501","call_type_id":"GPRS","imsi_id":"450087220136028","chage_id":"522273692","calld_no":"","local_time":"20190610061315","recd_utc_offset":"800","tot_call_durat":"9","imei_id":"3553250758967300","callg_no":"","data_vlm_inpt_val":"548","data_vlm_otput_val":"388"}
,{"recd_seq":"CHNCTKORKF-1ca5cda8-ace1-469e-bc14-edd582d6cfb6","call_type_id":"GPRS","imsi_id":"450087220136028","chage_id":"662037146","calld_no":"","local_time":"20190610063628","recd_utc_offset":"800","tot_call_durat":"0","imei_id":"3571130700678800","callg_no":"","data_vlm_inpt_val":"2042","data_vlm_otput_val":"60"}
,{"recd_seq":"CHNCTKORKF-e5800038-c830-4bd6-8531-2c0c03a28311","call_type_id":"GPRS","imsi_id":"450087220136028","chage_id":"526059877","calld_no":"","local_time":"20190610055256","recd_utc_offset":"800","tot_call_durat":"1800","imei_id":"3535110917351700","callg_no":"","data_vlm_inpt_val":"0","data_vlm_otput_val":"0"}
,{"recd_seq":"CHNCTKORKF-cd80f95d-5f45-485f-a30e-11396972d5bd","call_type_id":"GPRS","imsi_id":"450087220136028","chage_id":"969679805","calld_no":"","local_time":"20190610053949","recd_utc_offset":"800","tot_call_durat":"3600","imei_id":"3583340860360800","callg_no":"","data_vlm_inpt_val":"65930","data_vlm_otput_val":"86209"}
,{"recd_seq":"CHNCTKORKF-1de9dcc5-893e-4aa9-9c9b-a92c37ced864","call_type_id":"GPRS","imsi_id":"450087220136028","chage_id":"1102298039","calld_no":"","local_time":"20190610062008","recd_utc_offset":"800","tot_call_durat":"1402","imei_id":"3572970938460600","callg_no":"","data_vlm_inpt_val":"0","data_vlm_otput_val":"0"}
,{"recd_seq":"CHNCTKORKF-67f227e3-4725-4543-b0ce-3151a445f370","call_type_id":"GPRS","imsi_id":"450087220136028","chage_id":"1068599957","calld_no":"","local_time":"20190610055708","recd_utc_offset":"800","tot_call_durat":"1800","imei_id":"3548310947111510","callg_no":"","data_vlm_inpt_val":"0","data_vlm_otput_val":"0"}
,{"recd_seq":"CHNCTKORKF-8395fbe5-5954-4956-b3dd-1f562329296f","call_type_id":"GPRS","imsi_id":"450087220136028","chage_id":"688219007","calld_no":"","local_time":"20190610055010","recd_utc_offset":"800","tot_call_durat":"1800","imei_id":"3538030808531220","callg_no":"","data_vlm_inpt_val":"0","data_vlm_otput_val":"0"}
,{"recd_seq":"CHNCTKORKF-55cd18f9-af8a-4d6d-a52e-46ba86282e07","call_type_id":"GPRS","imsi_id":"450087220136028","chage_id":"119616067","calld_no":"","local_time":"20190610053939","recd_utc_offset":"800","tot_call_durat":"1800","imei_id":"3594070872478110","callg_no":"","data_vlm_inpt_val":"0","data_vlm_otput_val":"0"}
,{"recd_seq":"CHNCTKORKF-771e83df-5e2c-4411-95f7-8cb22e124bcc","call_type_id":"GPRS","imsi_id":"450087220136028","chage_id":"885782150","calld_no":"","local_time":"20190610054747","recd_utc_offset":"800","tot_call_durat":"3600","imei_id":"3567750836624410","callg_no":"","data_vlm_inpt_val":"0","data_vlm_otput_val":"0"}
,{"recd_seq":"CHNCTKORKF-b79bcc7b-24ed-406a-bed8-941be79f754f","call_type_id":"GPRS","imsi_id":"450087220136028","chage_id":"393645431","calld_no":"","local_time":"20190610054319","recd_utc_offset":"800","tot_call_durat":"3600","imei_id":"3535250931542600","callg_no":"","data_vlm_inpt_val":"0","data_vlm_otput_val":"0"}
,{"recd_seq":"CHNCTKORKF-1572c11a-3f5f-4773-8402-1b0f46f94e74","call_type_id":"GPRS","imsi_id":"450087220136028","chage_id":"1035042866","calld_no":"","local_time":"20190610054145","recd_utc_offset":"800","tot_call_durat":"3600","imei_id":"3538130883204220","callg_no":"","data_vlm_inpt_val":"18445","data_vlm_otput_val":"135273"}
,{"recd_seq":"CHNCTKORKF-6b5283c8-ffb0-47fa-afe8-45f0ac542743","call_type_id":"GPRS","imsi_id":"450087220136028","chage_id":"701254040","calld_no":"","local_time":"20190610055158","recd_utc_offset":"800","tot_call_durat":"1800","imei_id":"3535250922669600","callg_no":"","data_vlm_inpt_val":"4403","data_vlm_otput_val":"1713"}
,{"recd_seq":"CHNCTKORKF-c9e34d20-ec24-4da0-a547-541e241f467d","call_type_id":"GPRS","imsi_id":"450087220136028","chage_id":"365662249","calld_no":"","local_time":"20190610054923","recd_utc_offset":"800","tot_call_durat":"3600","imei_id":"3573290986334300","callg_no":"","data_vlm_inpt_val":"0","data_vlm_otput_val":"0"}
,{"recd_seq":"CHNCTKORKF-a8c80206-896c-4d79-96dc-e87afc4886da","call_type_id":"GPRS","imsi_id":"450087220136028","chage_id":"365662249","calld_no":"","local_time":"20190610064923","recd_utc_offset":"800","tot_call_durat":"0","imei_id":"3573290986334300","callg_no":"","data_vlm_inpt_val":"0","data_vlm_otput_val":"0"}
,{"recd_seq":"CHNCTKORKF-531f13c5-ae3c-4d8e-a22b-e7fee8577f15","call_type_id":"GPRS","imsi_id":"450087220136028","chage_id":"425474443","calld_no":"","local_time":"20190610055123","recd_utc_offset":"800","tot_call_durat":"1800","imei_id":"3535110919145900","callg_no":"","data_vlm_inpt_val":"0","data_vlm_otput_val":"0"}
,{"recd_seq":"CHNCTKORKF-041ec33e-80e4-4bbe-b9f6-985ff31ced77","call_type_id":"GPRS","imsi_id":"450087220136028","chage_id":"598836077","calld_no":"","local_time":"20190610055027","recd_utc_offset":"800","tot_call_durat":"1800","imei_id":"3583340825357700","callg_no":"","data_vlm_inpt_val":"110244","data_vlm_otput_val":"57965"}
,{"recd_seq":"CHNCTKORKF-58f86e8d-5e74-471b-9099-a8b47df3a04d","call_type_id":"GPRS","imsi_id":"450087220136028","chage_id":"39594934","calld_no":"","local_time":"20190610054810","recd_utc_offset":"800","tot_call_durat":"3600","imei_id":"3583340801320200","callg_no":"","data_vlm_inpt_val":"0","data_vlm_otput_val":"0"}
,{"recd_seq":"CHNCTKORKF-e014c37d-98ea-4af4-a601-07d0e3edf080","call_type_id":"GPRS","imsi_id":"450087220136028","chage_id":"514948079","calld_no":"","local_time":"20190610054216","recd_utc_offset":"800","tot_call_durat":"3600","imei_id":"3535250922969000","callg_no":"","data_vlm_inpt_val":"0","data_vlm_otput_val":"0"}
,{"recd_seq":"CHNCTKORKF-c4b30002-f449-4307-99e5-7f4de0845a24","call_type_id":"GPRS","imsi_id":"450087220136028","chage_id":"514948079","calld_no":"","local_time":"20190610064216","recd_utc_offset":"800","tot_call_durat":"1","imei_id":"3535250922969000","callg_no":"","data_vlm_inpt_val":"0","data_vlm_otput_val":"0"}
,{"recd_seq":"CHNCTKORKF-0c9ced6f-db42-46ed-9280-d5015f85d2e4","call_type_id":"GPRS","imsi_id":"450087220136028","chage_id":"1035042866","calld_no":"","local_time":"20190610064145","recd_utc_offset":"800","tot_call_durat":"354","imei_id":"3538130883204220","callg_no":"","data_vlm_inpt_val":"23406","data_vlm_otput_val":"140063"}
,{"recd_seq":"CHNCTKORKF-b5bedc9c-efb5-4184-8756-2635e8d3e7fd","call_type_id":"GPRS","imsi_id":"450087220136028","chage_id":"1035042866","calld_no":"","local_time":"20190610064739","recd_utc_offset":"800","tot_call_durat":"79","imei_id":"3538130883204220","callg_no":"","data_vlm_inpt_val":"360","data_vlm_otput_val":"24017"}
,{"recd_seq":"CHNCTKORKF-c923cee7-d54a-4d42-b908-8e02e44c85d0","call_type_id":"GPRS","imsi_id":"450087220136028","chage_id":"89930659","calld_no":"","local_time":"20190610054350","recd_utc_offset":"800","tot_call_durat":"1800","imei_id":"3594100871622810","callg_no":"","data_vlm_inpt_val":"0","data_vlm_otput_val":"0"}
,{"recd_seq":"CHNCTKORKF-a91b21f3-3f82-4583-b887-1d4ad4803240","call_type_id":"GPRS","imsi_id":"450087220136028","chage_id":"671537430","calld_no":"","local_time":"20190610054307","recd_utc_offset":"800","tot_call_durat":"1800","imei_id":"3583340803382700","callg_no":"","data_vlm_inpt_val":"0","data_vlm_otput_val":"0"}
,{"recd_seq":"CHNCTKORKF-e46b84ab-e3c3-458c-9903-bcd131dc37f7","call_type_id":"GPRS","imsi_id":"450087220136028","chage_id":"6038958","calld_no":"","local_time":"20190610053539","recd_utc_offset":"800","tot_call_durat":"1800","imei_id":"3563150927604230","callg_no":"","data_vlm_inpt_val":"4054","data_vlm_otput_val":"5474"}
,{"recd_seq":"CHNCTKORKF-f899390a-3db4-49ad-9f1a-a30ec9cbc804","call_type_id":"GPRS","imsi_id":"450087220136028","chage_id":"438391266","calld_no":"","local_time":"20190610053743","recd_utc_offset":"800","tot_call_durat":"3600","imei_id":"3583340833765500","callg_no":"","data_vlm_inpt_val":"0","data_vlm_otput_val":"0"}
,{"recd_seq":"CHNCTKORKF-c4f2a0b0-3d89-4328-821b-a755acc122b1","call_type_id":"GPRS","imsi_id":"450087220136028","chage_id":"240918951","calld_no":"","local_time":"20190610054939","recd_utc_offset":"800","tot_call_durat":"1800","imei_id":"3573240984238400","callg_no":"","data_vlm_inpt_val":"0","data_vlm_otput_val":"0"}
,{"recd_seq":"CHNCTKORKF-a2da0cb2-e765-4e84-873f-0ad085a50e2d","call_type_id":"GPRS","imsi_id":"450087220136028","chage_id":"225890120","calld_no":"","local_time":"20190610054939","recd_utc_offset":"800","tot_call_durat":"3600","imei_id":"3535250921431500","callg_no":"","data_vlm_inpt_val":"140531","data_vlm_otput_val":"68331"}
,{"recd_seq":"CHNCTKORKF-86bf70f3-a4a1-4689-8653-8421cdc12467","call_type_id":"GPRS","imsi_id":"450087220136028","chage_id":"106703094","calld_no":"","local_time":"20190610054034","recd_utc_offset":"800","tot_call_durat":"1801","imei_id":"3572200915098100","callg_no":"","data_vlm_inpt_val":"0","data_vlm_otput_val":"0"}
,{"recd_seq":"CHNCTKORKF-4d6d0c44-ec8a-4992-abfb-ca0599802c8f","call_type_id":"GPRS","imsi_id":"450087220136028","chage_id":"773895665","calld_no":"","local_time":"20190610055448","recd_utc_offset":"800","tot_call_durat":"1800","imei_id":"3583340815265400","callg_no":"","data_vlm_inpt_val":"641","data_vlm_otput_val":"534"}
,{"recd_seq":"CHNCTKORKF-27a7b4c5-e335-4ac0-b2e4-8abaa1313483","call_type_id":"GPRS","imsi_id":"450087220136028","chage_id":"1035040074","calld_no":"","local_time":"20190610052904","recd_utc_offset":"800","tot_call_durat":"1800","imei_id":"3583340841243700","callg_no":"","data_vlm_inpt_val":"104228","data_vlm_otput_val":"71709"}
,{"recd_seq":"CHNCTKORKF-68a93e3a-d5a5-42f4-817b-7350db0e59c4","call_type_id":"GPRS","imsi_id":"450087220136028","chage_id":"404852934","calld_no":"","local_time":"20190610055247","recd_utc_offset":"800","tot_call_durat":"1801","imei_id":"3554130716430430","callg_no":"","data_vlm_inpt_val":"0","data_vlm_otput_val":"0"}
,{"recd_seq":"CHNCTKORKF-fd75caf9-b544-4c57-b3e0-3572e520c902","call_type_id":"GPRS","imsi_id":"450087220136028","chage_id":"181134100","calld_no":"","local_time":"20190610054642","recd_utc_offset":"800","tot_call_durat":"1801","imei_id":"3554180728342230","callg_no":"","data_vlm_inpt_val":"0","data_vlm_otput_val":"0"}
,{"recd_seq":"CHNCTKORKF-20f657c1-637d-42e9-883f-4dc0ef0926d9","call_type_id":"GPRS","imsi_id":"450087220136028","chage_id":"761017768","calld_no":"","local_time":"20190610060006","recd_utc_offset":"800","tot_call_durat":"1801","imei_id":"3573210996211800","callg_no":"","data_vlm_inpt_val":"0","data_vlm_otput_val":"0"}
,{"recd_seq":"CHNCTKORKF-e5066fff-4483-441d-a6f1-5626c6677482","call_type_id":"GPRS","imsi_id":"450087220136028","chage_id":"35776538","calld_no":"","local_time":"20190610055653","recd_utc_offset":"800","tot_call_durat":"1801","imei_id":"3573970929354900","callg_no":"","data_vlm_inpt_val":"0","data_vlm_otput_val":"0"}
,{"recd_seq":"CHNCTKORKF-216f18b4-549c-4417-86d8-670202b4abd5","call_type_id":"GPRS","imsi_id":"450087220136028","chage_id":"783389039","calld_no":"","local_time":"20190610053820","recd_utc_offset":"800","tot_call_durat":"1800","imei_id":"3573960904402300","callg_no":"","data_vlm_inpt_val":"0","data_vlm_otput_val":"0"}
,{"recd_seq":"CHNCTKORKF-f5f6670a-6198-4634-a6f6-ecf378227467","call_type_id":"GPRS","imsi_id":"450087220136028","chage_id":"326522932","calld_no":"","local_time":"20190610052647","recd_utc_offset":"800","tot_call_durat":"1800","imei_id":"3535250937665800","callg_no":"","data_vlm_inpt_val":"12824","data_vlm_otput_val":"13070"}
,{"recd_seq":"CHNCTKORKF-8c9a6cbc-57ba-4aaa-8d17-f530af802bf2","call_type_id":"GPRS","imsi_id":"450087220136028","chage_id":"990298807","calld_no":"","local_time":"20190610052841","recd_utc_offset":"800","tot_call_durat":"1800","imei_id":"3533150751918930","callg_no":"","data_vlm_inpt_val":"0","data_vlm_otput_val":"0"}
,{"recd_seq":"CHNCTKORKF-b80f6db1-ab50-456a-b8e2-10b566e48409","call_type_id":"GPRS","imsi_id":"450087220136028","chage_id":"986293280","calld_no":"","local_time":"20190610052650","recd_utc_offset":"800","tot_call_durat":"1800","imei_id":"3587390918218900","callg_no":"","data_vlm_inpt_val":"0","data_vlm_otput_val":"0"}
,{"recd_seq":"CHNCTKORKF-d1c8b194-e24b-4718-9db7-b0e35ec2cdd4","call_type_id":"GPRS","imsi_id":"450087220136028","chage_id":"58062478","calld_no":"","local_time":"20190610053801","recd_utc_offset":"800","tot_call_durat":"1800","imei_id":"3535250920606100","callg_no":"","data_vlm_inpt_val":"0","data_vlm_otput_val":"0"}
,{"recd_seq":"CHNCTKORKF-8c67fadd-93d6-4674-84ca-102d80a34b18","call_type_id":"GPRS","imsi_id":"450087220136028","chage_id":"936119795","calld_no":"","local_time":"20190610053118","recd_utc_offset":"800","tot_call_durat":"1800","imei_id":"3535250903531300","callg_no":"","data_vlm_inpt_val":"160766","data_vlm_otput_val":"406087"}
,{"recd_seq":"CHNCTKORKF-7a00eb37-495a-4e39-94ae-c53605ae5e62","call_type_id":"GPRS","imsi_id":"450087220136028","chage_id":"1070344950","calld_no":"","local_time":"20190610054503","recd_utc_offset":"800","tot_call_durat":"1800","imei_id":"3557960718131310","callg_no":"","data_vlm_inpt_val":"0","data_vlm_otput_val":"0"}
,{"recd_seq":"CHNCTKORKF-5a628b2c-06e7-490e-989d-0eb5ef1dfce6","call_type_id":"GPRS","imsi_id":"450087220136028","chage_id":"522273692","calld_no":"","local_time":"20190610055328","recd_utc_offset":"800","tot_call_durat":"135","imei_id":"3553250758967300","callg_no":"","data_vlm_inpt_val":"312","data_vlm_otput_val":"320"}
,{"recd_seq":"CHNCTKORKF-e2d58ee5-b0d2-49f5-9e82-745c3126b1ea","call_type_id":"GPRS","imsi_id":"450087220136028","chage_id":"231479696","calld_no":"","local_time":"20190610051824","recd_utc_offset":"800","tot_call_durat":"1800","imei_id":"3535250925250400","callg_no":"","data_vlm_inpt_val":"0","data_vlm_otput_val":"0"}
,{"recd_seq":"CHNCTKORKF-b04565cb-e2e7-44c7-b0d1-24a09ec3a61c","call_type_id":"GPRS","imsi_id":"450087220136028","chage_id":"464522073","calld_no":"","local_time":"20190610055150","recd_utc_offset":"800","tot_call_durat":"1801","imei_id":"3533210707904030","callg_no":"","data_vlm_inpt_val":"0","data_vlm_otput_val":"0"}
,{"recd_seq":"CHNCTKORKF-3eeb7b59-a4a0-447c-8b3f-3db7c2106c62","call_type_id":"GPRS","imsi_id":"450087220136028","chage_id":"878450053","calld_no":"","local_time":"20190610054054","recd_utc_offset":"800","tot_call_durat":"1800","imei_id":"3583340866248400","callg_no":"","data_vlm_inpt_val":"0","data_vlm_otput_val":"0"}
,{"recd_seq":"CHNCTKORKF-16ed4a8a-68f3-49db-b30a-ea90b8b0f4ae","call_type_id":"GPRS","imsi_id":"450087220136028","chage_id":"22819044","calld_no":"","local_time":"20190610053901","recd_utc_offset":"800","tot_call_durat":"1800","imei_id":"3535250903726000","callg_no":"","data_vlm_inpt_val":"132522","data_vlm_otput_val":"48192"}
,{"recd_seq":"CHNCTKORKF-da69af43-85eb-4718-8307-082601bb523f","call_type_id":"GPRS","imsi_id":"450087220136028","chage_id":"934377661","calld_no":"","local_time":"20190610054418","recd_utc_offset":"800","tot_call_durat":"1899","imei_id":"3527220700631100","callg_no":"","data_vlm_inpt_val":"0","data_vlm_otput_val":"0"}
,{"recd_seq":"CHNCTKORKF-f6ba627d-5d89-4ffc-9a8f-c462103615df","call_type_id":"GPRS","imsi_id":"450087220136028","chage_id":"466324467","calld_no":"","local_time":"20190610054407","recd_utc_offset":"800","tot_call_durat":"1800","imei_id":"3582090906895510","callg_no":"","data_vlm_inpt_val":"0","data_vlm_otput_val":"0"}
,{"recd_seq":"CHNCTKORKF-e5f82262-a70e-455a-8bb9-1eb9fe49ea00","call_type_id":"GPRS","imsi_id":"450087220136028","chage_id":"52489114","calld_no":"","local_time":"20190610054310","recd_utc_offset":"800","tot_call_durat":"1802","imei_id":"3535110924635000","callg_no":"","data_vlm_inpt_val":"0","data_vlm_otput_val":"0"}
,{"recd_seq":"CHNCTKORKF-8ae3777f-d78f-4c3a-acf6-ffb2767eb3f3","call_type_id":"GPRS","imsi_id":"450087220136028","chage_id":"872767918","calld_no":"","local_time":"20190610055206","recd_utc_offset":"800","tot_call_durat":"1800","imei_id":"3530100917012010","callg_no":"","data_vlm_inpt_val":"0","data_vlm_otput_val":"0"}
,{"recd_seq":"CHNCTKORKF-564481ac-43ba-445f-975e-c005cb192521","call_type_id":"GPRS","imsi_id":"450087220136028","chage_id":"593244342","calld_no":"","local_time":"20190610052912","recd_utc_offset":"800","tot_call_durat":"1800","imei_id":"8652620406431600","callg_no":"","data_vlm_inpt_val":"0","data_vlm_otput_val":"0"}
,{"recd_seq":"CHNCTKORKF-dcde10ec-10a3-41df-9d79-094d7a7060ad","call_type_id":"GPRS","imsi_id":"450087220136028","chage_id":"662037146","calld_no":"","local_time":"20190610063807","recd_utc_offset":"800","tot_call_durat":"1","imei_id":"3571130700678800","callg_no":"","data_vlm_inpt_val":"244","data_vlm_otput_val":"52"}
,{"recd_seq":"CHNCTKORKF-bd4dc577-ee30-4eea-9fa9-720a6f720c6a","call_type_id":"GPRS","imsi_id":"450087220136028","chage_id":"662037146","calld_no":"","local_time":"20190610063808","recd_utc_offset":"800","tot_call_durat":"240","imei_id":"3571130700678800","callg_no":"","data_vlm_inpt_val":"9974660","data_vlm_otput_val":"512422"}
,{"recd_seq":"CHNCTKORKF-85480663-0901-4c0e-b95e-5f49a6ed1e55","call_type_id":"GPRS","imsi_id":"450087220136028","chage_id":"662037146","calld_no":"","local_time":"20190610064208","recd_utc_offset":"800","tot_call_durat":"21","imei_id":"3571130700678800","callg_no":"","data_vlm_inpt_val":"10099896","data_vlm_otput_val":"386930"}
,{"recd_seq":"CHNCTKORKF-34f1575b-2298-4f2e-af5c-950d4e80ed52","call_type_id":"GPRS","imsi_id":"450087220136028","chage_id":"662037146","calld_no":"","local_time":"20190610064229","recd_utc_offset":"800","tot_call_durat":"22","imei_id":"3571130700678800","callg_no":"","data_vlm_inpt_val":"10098761","data_vlm_otput_val":"388104"}
,{"recd_seq":"CHNCTKORKF-af8e4293-bfa2-4227-8e5a-287b416e04d2","call_type_id":"GPRS","imsi_id":"450087220136028","chage_id":"175536897","calld_no":"","local_time":"20190610055159","recd_utc_offset":"800","tot_call_durat":"1800","imei_id":"3583340802278700","callg_no":"","data_vlm_inpt_val":"143176","data_vlm_otput_val":"40218"}
,{"recd_seq":"CHNCTKORKF-bca93974-2f7c-4003-847f-21c65318bb0a","call_type_id":"GPRS","imsi_id":"450087220136028","chage_id":"526134493","calld_no":"","local_time":"20190610053628","recd_utc_offset":"800","tot_call_durat":"1800","imei_id":"3583340803696100","callg_no":"","data_vlm_inpt_val":"0","data_vlm_otput_val":"0"}
,{"recd_seq":"CHNCTKORKF-cebf7cfa-f9b6-48b0-a02f-ded9f3546694","call_type_id":"GPRS","imsi_id":"450087220136028","chage_id":"857800649","calld_no":"","local_time":"20190610053728","recd_utc_offset":"800","tot_call_durat":"1800","imei_id":"3535250906949300","callg_no":"","data_vlm_inpt_val":"197441","data_vlm_otput_val":"552102"}
,{"recd_seq":"CHNCTKORKF-d456bba1-1ee5-4e16-b2e7-1bd3398dd46f","call_type_id":"GPRS","imsi_id":"450087220136028","chage_id":"78741476","calld_no":"","local_time":"20190610050932","recd_utc_offset":"800","tot_call_durat":"3600","imei_id":"3553980723937630","callg_no":"","data_vlm_inpt_val":"8718","data_vlm_otput_val":"49115"}
,{"recd_seq":"CHNCTKORKF-3c481252-0ed3-40b5-8f92-87018091945c","call_type_id":"GPRS","imsi_id":"450087220136028","chage_id":"975273208","calld_no":"","local_time":"20190610053447","recd_utc_offset":"800","tot_call_durat":"1800","imei_id":"3578720811278800","callg_no":"","data_vlm_inpt_val":"0","data_vlm_otput_val":"0"}
,{"recd_seq":"CHNCTKORKF-b6bf7aa4-4dc4-4768-946f-e9c3b16062ee","call_type_id":"GPRS","imsi_id":"450087220136028","chage_id":"995900071","calld_no":"","local_time":"20190610052502","recd_utc_offset":"800","tot_call_durat":"1800","imei_id":"3535250937722000","callg_no":"","data_vlm_inpt_val":"39875","data_vlm_otput_val":"25290"}
,{"recd_seq":"CHNCTKORKF-9818f881-255f-4446-a5d0-29cbd0a7fd6f","call_type_id":"GPRS","imsi_id":"450087220136028","chage_id":"140262234","calld_no":"","local_time":"20190610053359","recd_utc_offset":"800","tot_call_durat":"1800","imei_id":"3535110913269900","callg_no":"","data_vlm_inpt_val":"281246","data_vlm_otput_val":"186974"}
,{"recd_seq":"CHNCTKORKF-7afa1d1a-1146-4be5-8895-5e75b546dae8","call_type_id":"GPRS","imsi_id":"450087220136028","chage_id":"259421175","calld_no":"","local_time":"20190610052108","recd_utc_offset":"800","tot_call_durat":"1800","imei_id":"8646520367436100","callg_no":"","data_vlm_inpt_val":"0","data_vlm_otput_val":"0"}
,{"recd_seq":"CHNCTKORKF-511a37c7-c782-4fdb-9bc1-3ad9cee9d584","call_type_id":"GPRS","imsi_id":"450087220136028","chage_id":"665944561","calld_no":"","local_time":"20190610052828","recd_utc_offset":"800","tot_call_durat":"1800","imei_id":"3538130810049420","callg_no":"","data_vlm_inpt_val":"0","data_vlm_otput_val":"0"}
,{"recd_seq":"CHNCTKORKF-4c630fc8-0f65-41a8-b821-481798208d3a","call_type_id":"GPRS","imsi_id":"450087220136028","chage_id":"136419517","calld_no":"","local_time":"20190610054331","recd_utc_offset":"800","tot_call_durat":"1800","imei_id":"3567700858389410","callg_no":"","data_vlm_inpt_val":"0","data_vlm_otput_val":"0"}
,{"recd_seq":"CHNCTKORKF-a93a09ca-f136-4c41-84f2-9f84f91dcf0e","call_type_id":"GPRS","imsi_id":"450087220136028","chage_id":"268887011","calld_no":"","local_time":"20190610055109","recd_utc_offset":"800","tot_call_durat":"1800","imei_id":"3583340857320500","callg_no":"","data_vlm_inpt_val":"0","data_vlm_otput_val":"0"}
,{"recd_seq":"CHNCTKORKF-362b4aea-02f3-4259-a4c5-a519acf580cc","call_type_id":"GPRS","imsi_id":"450087220136028","chage_id":"436657299","calld_no":"","local_time":"20190610050239","recd_utc_offset":"800","tot_call_durat":"3600","imei_id":"3554260713657130","callg_no":"","data_vlm_inpt_val":"0","data_vlm_otput_val":"0"}
,{"recd_seq":"CHNCTKORKF-de637d25-d6ad-4934-a8ca-6fae6be93588","call_type_id":"GPRS","imsi_id":"450087220136028","chage_id":"268885558","calld_no":"","local_time":"20190610053307","recd_utc_offset":"800","tot_call_durat":"1800","imei_id":"3592160779284720","callg_no":"","data_vlm_inpt_val":"1118","data_vlm_otput_val":"965"}
,{"recd_seq":"CHNCTKORKF-157d9f0b-7ab6-42b4-bfd5-d2bdf85c9b61","call_type_id":"GPRS","imsi_id":"450087220136028","chage_id":"459025003","calld_no":"","local_time":"20190610051711","recd_utc_offset":"800","tot_call_durat":"1800","imei_id":"3520920709379820","callg_no":"","data_vlm_inpt_val":"0","data_vlm_otput_val":"0"}
,{"recd_seq":"CHNCTKORKF-e49624e0-9082-42e2-88d2-908cccc9be32","call_type_id":"GPRS","imsi_id":"450087220136028","chage_id":"181134100","calld_no":"","local_time":"20190610051642","recd_utc_offset":"800","tot_call_durat":"1800","imei_id":"3554180728342230","callg_no":"","data_vlm_inpt_val":"0","data_vlm_otput_val":"0"}
,{"recd_seq":"CHNCTKORKF-a8d9d5bc-f674-43e5-966f-b61a7c0d195a","call_type_id":"GPRS","imsi_id":"450087220136028","chage_id":"617338672","calld_no":"","local_time":"20190610060511","recd_utc_offset":"800","tot_call_durat":"124","imei_id":"3535250919204700","callg_no":"","data_vlm_inpt_val":"0","data_vlm_otput_val":"0"}
