{"recd_seq":"CHNCTKORKF-12b73988-5b85-4834-8920-4d0800f57e01","call_type_id":"GPRS","imsi_id":"450087220136028","chage_id":"617338672","calld_no":"","local_time":"20190610060636","recd_utc_offset":"800","tot_call_durat":"29","imei_id":"3535250919204700","callg_no":"","data_vlm_inpt_val":"0","data_vlm_otput_val":"0"}
,{"recd_seq":"CHNCTKORKF-2432cbbb-f4e0-495c-8ffb-c629d938bf8e","call_type_id":"GPRS","imsi_id":"450087220136028","chage_id":"785111460","calld_no":"","local_time":"20190610050930","recd_utc_offset":"800","tot_call_durat":"3600","imei_id":"3587390901976800","callg_no":"","data_vlm_inpt_val":"0","data_vlm_otput_val":"0"}
,{"recd_seq":"CHNCTKORKF-76369181-000a-44fc-94cb-8004837fc7ce","call_type_id":"GPRS","imsi_id":"450087220136028","chage_id":"492578239","calld_no":"","local_time":"20190610052345","recd_utc_offset":"800","tot_call_durat":"1800","imei_id":"3583340846620800","callg_no":"","data_vlm_inpt_val":"0","data_vlm_otput_val":"0"}
,{"recd_seq":"CHNCTKORKF-6f7e4bec-a39c-4bfa-9f8b-e7246a12db8e","call_type_id":"GPRS","imsi_id":"450087220136028","chage_id":"477499620","calld_no":"","local_time":"20190610054245","recd_utc_offset":"800","tot_call_durat":"1800","imei_id":"3556480701181100","callg_no":"","data_vlm_inpt_val":"0","data_vlm_otput_val":"0"}
,{"recd_seq":"CHNCTKORKF-498f4d78-de9f-4f03-9e9a-270d6d4888d7","call_type_id":"GPRS","imsi_id":"450087220136028","chage_id":"114022372","calld_no":"","local_time":"20190610061309","recd_utc_offset":"800","tot_call_durat":"1293","imei_id":"3538160884499120","callg_no":"","data_vlm_inpt_val":"432906","data_vlm_otput_val":"134811"}
,{"recd_seq":"CHNCTKORKF-392a76e4-958d-42ec-8029-9d689527e36d","call_type_id":"GPRS","imsi_id":"450087220136028","chage_id":"945563687","calld_no":"","local_time":"20190610063735","recd_utc_offset":"800","tot_call_durat":"30","imei_id":"3538160884499120","callg_no":"","data_vlm_inpt_val":"0","data_vlm_otput_val":"0"}
,{"recd_seq":"CHNCTKORKF-edccaf5a-224d-4a42-86ca-0bd3ef0bf117","call_type_id":"GPRS","imsi_id":"450087220136028","chage_id":"130846484","calld_no":"","local_time":"20190610054924","recd_utc_offset":"800","tot_call_durat":"2890","imei_id":"3573250999734900","callg_no":"","data_vlm_inpt_val":"0","data_vlm_otput_val":"0"}
,{"recd_seq":"CHNCTKORKF-91b89067-8189-4a5d-8ee7-7c50d6b64d29","call_type_id":"GPRS","imsi_id":"450087220136028","chage_id":"841067237","calld_no":"","local_time":"20190610055051","recd_utc_offset":"800","tot_call_durat":"1800","imei_id":"3548630935495110","callg_no":"","data_vlm_inpt_val":"0","data_vlm_otput_val":"0"}
,{"recd_seq":"CHNCTKORKF-38527288-c933-42b7-bd94-5925e43674be","call_type_id":"GPRS","imsi_id":"450087220136028","chage_id":"522273692","calld_no":"","local_time":"20190610061324","recd_utc_offset":"800","tot_call_durat":"197","imei_id":"3553250758967300","callg_no":"","data_vlm_inpt_val":"0","data_vlm_otput_val":"0"}
,{"recd_seq":"CHNCTKORKF-0f20ec87-14a9-4ed7-bf74-160948614ee3","call_type_id":"GPRS","imsi_id":"450087220136028","chage_id":"375134535","calld_no":"","local_time":"20190610052616","recd_utc_offset":"800","tot_call_durat":"1800","imei_id":"3554300782873930","callg_no":"","data_vlm_inpt_val":"0","data_vlm_otput_val":"0"}
,{"recd_seq":"CHNCTKORKF-9b55f1e5-fd34-41c0-972a-94aa1ced05fe","call_type_id":"GPRS","imsi_id":"450087220136028","chage_id":"684152123","calld_no":"","local_time":"20190610055626","recd_utc_offset":"800","tot_call_durat":"1800","imei_id":"","callg_no":"","data_vlm_inpt_val":"0","data_vlm_otput_val":"0"}
,{"recd_seq":"CHNCTKORKF-dd5425b6-82eb-4b27-a39f-4d4b24b180d1","call_type_id":"GPRS","imsi_id":"450087220136028","chage_id":"684433607","calld_no":"","local_time":"20190610062430","recd_utc_offset":"800","tot_call_durat":"152","imei_id":"","callg_no":"","data_vlm_inpt_val":"248537","data_vlm_otput_val":"10237477"}
,{"recd_seq":"CHNCTKORKF-de009037-fc19-48f9-983c-ef8ebae3c796","call_type_id":"GPRS","imsi_id":"450087220136028","chage_id":"923188316","calld_no":"","local_time":"20190610060016","recd_utc_offset":"800","tot_call_durat":"1800","imei_id":"","callg_no":"","data_vlm_inpt_val":"5945089","data_vlm_otput_val":"130895"}
,{"recd_seq":"CHNCTKORKF-bc77fca6-cb81-4493-8da2-903e36e07766","call_type_id":"GPRS","imsi_id":"450087220136028","chage_id":"1186194706","calld_no":"","local_time":"20190610055640","recd_utc_offset":"800","tot_call_durat":"1800","imei_id":"","callg_no":"","data_vlm_inpt_val":"0","data_vlm_otput_val":"0"}
,{"recd_seq":"CHNCTKORKF-bb4f9c9c-f716-4f00-af03-815b92245cce","call_type_id":"GPRS","imsi_id":"450087220136028","chage_id":"684433607","calld_no":"","local_time":"20190610062702","recd_utc_offset":"800","tot_call_durat":"193","imei_id":"","callg_no":"","data_vlm_inpt_val":"235762","data_vlm_otput_val":"10250424"}
,{"recd_seq":"CHNCTKORKF-531194cc-a9ad-41f0-b77d-b0169e50b2b0","call_type_id":"GPRS","imsi_id":"450087220136028","chage_id":"979114001","calld_no":"","local_time":"20190610065306","recd_utc_offset":"800","tot_call_durat":"7","imei_id":"3535250933630000","callg_no":"","data_vlm_inpt_val":"0","data_vlm_otput_val":"0"}
,{"recd_seq":"CHNCTKORKF-0737a537-0941-4f98-8e7b-75c72b3cd161","call_type_id":"GPRS","imsi_id":"450087220136028","chage_id":"319215208","calld_no":"","local_time":"20190610055951","recd_utc_offset":"800","tot_call_durat":"1123","imei_id":"","callg_no":"","data_vlm_inpt_val":"9957578","data_vlm_otput_val":"528904"}
,{"recd_seq":"CHNCTKORKF-aa0cb190-e5f2-4e8e-9a03-79788bda9cc1","call_type_id":"GPRS","imsi_id":"450087220136028","chage_id":"673261973","calld_no":"","local_time":"20190610060947","recd_utc_offset":"800","tot_call_durat":"1800","imei_id":"","callg_no":"","data_vlm_inpt_val":"6987","data_vlm_otput_val":"5805"}
,{"recd_seq":"CHNCTKORKF-5a076a93-f84f-4840-a7bb-b69581ad78a8","call_type_id":"GPRS","imsi_id":"450087220136028","chage_id":"252107019","calld_no":"","local_time":"20190610055210","recd_utc_offset":"800","tot_call_durat":"1800","imei_id":"","callg_no":"","data_vlm_inpt_val":"381066","data_vlm_otput_val":"61029"}
,{"recd_seq":"CHNCTKORKF-5818e1e6-71f7-4d2e-9052-76bdc3081a37","call_type_id":"GPRS","imsi_id":"450087220136028","chage_id":"531721005","calld_no":"","local_time":"20190610054608","recd_utc_offset":"800","tot_call_durat":"1800","imei_id":"","callg_no":"","data_vlm_inpt_val":"21513","data_vlm_otput_val":"13077"}
,{"recd_seq":"CHNCTKORKF-fc8aaf91-0ef9-452c-9570-750f148e60ca","call_type_id":"GPRS","imsi_id":"450087220136028","chage_id":"522273695","calld_no":"","local_time":"20190610060705","recd_utc_offset":"800","tot_call_durat":"1800","imei_id":"","callg_no":"","data_vlm_inpt_val":"0","data_vlm_otput_val":"0"}
,{"recd_seq":"CHNCTKORKF-7d64664d-3213-4aa0-b1b3-f08ac1efd7e9","call_type_id":"GPRS","imsi_id":"450087220136028","chage_id":"684433607","calld_no":"","local_time":"20190610063015","recd_utc_offset":"800","tot_call_durat":"123","imei_id":"","callg_no":"","data_vlm_inpt_val":"257566","data_vlm_otput_val":"10229157"}
,{"recd_seq":"CHNCTKORKF-8ecfa4c9-6e1d-40c5-bb40-aaf718e88f96","call_type_id":"GPRS","imsi_id":"450087220136028","chage_id":"839314126","calld_no":"","local_time":"20190610055002","recd_utc_offset":"800","tot_call_durat":"1800","imei_id":"","callg_no":"","data_vlm_inpt_val":"25786","data_vlm_otput_val":"4323"}
,{"recd_seq":"CHNCTKORKF-0aa8d427-cdca-4d55-8b71-1a266f4561ac","call_type_id":"GPRS","imsi_id":"450087220136028","chage_id":"684433607","calld_no":"","local_time":"20190610063218","recd_utc_offset":"800","tot_call_durat":"123","imei_id":"","callg_no":"","data_vlm_inpt_val":"246144","data_vlm_otput_val":"10240510"}
,{"recd_seq":"CHNCTKORKF-8f729db0-e46c-4aaf-b568-465e0a92c3ea","call_type_id":"GPRS","imsi_id":"450087220136028","chage_id":"667661353","calld_no":"","local_time":"20190610060039","recd_utc_offset":"800","tot_call_durat":"1800","imei_id":"","callg_no":"","data_vlm_inpt_val":"0","data_vlm_otput_val":"0"}
,{"recd_seq":"CHNCTKORKF-b6022e07-9ca9-4367-8ebc-63903af1c669","call_type_id":"GPRS","imsi_id":"450087220136028","chage_id":"667661353","calld_no":"","local_time":"20190610063039","recd_utc_offset":"800","tot_call_durat":"2","imei_id":"","callg_no":"","data_vlm_inpt_val":"0","data_vlm_otput_val":"0"}
,{"recd_seq":"CHNCTKORKF-5c4d3769-81f2-40bb-8878-eea6eb01bbd8","call_type_id":"GPRS","imsi_id":"450087220136028","chage_id":"397505709","calld_no":"","local_time":"20190610055545","recd_utc_offset":"800","tot_call_durat":"1800","imei_id":"","callg_no":"","data_vlm_inpt_val":"0","data_vlm_otput_val":"0"}
,{"recd_seq":"CHNCTKORKF-567cd228-9bf8-4f33-accc-702adf46da6a","call_type_id":"GPRS","imsi_id":"450087220136028","chage_id":"453430320","calld_no":"","local_time":"20190610060219","recd_utc_offset":"800","tot_call_durat":"1800","imei_id":"","callg_no":"","data_vlm_inpt_val":"162479","data_vlm_otput_val":"48037"}
,{"recd_seq":"CHNCTKORKF-103aa743-d191-4d4d-ab0e-c6c45f6814ae","call_type_id":"GPRS","imsi_id":"450087220136028","chage_id":"684433607","calld_no":"","local_time":"20190610063421","recd_utc_offset":"800","tot_call_durat":"134","imei_id":"","callg_no":"","data_vlm_inpt_val":"271359","data_vlm_otput_val":"10214620"}
,{"recd_seq":"CHNCTKORKF-c69d18ae-1d00-4a01-a07e-7cfb55da8c72","call_type_id":"GPRS","imsi_id":"450087220136028","chage_id":"766604844","calld_no":"","local_time":"20190610063600","recd_utc_offset":"800","tot_call_durat":"37","imei_id":"","callg_no":"","data_vlm_inpt_val":"10238121","data_vlm_otput_val":"248847"}
,{"recd_seq":"CHNCTKORKF-8bb8c82b-b97b-4bcd-bfca-ee03b18fd7cd","call_type_id":"GPRS","imsi_id":"450087220136028","chage_id":"766604844","calld_no":"","local_time":"20190610063520","recd_utc_offset":"800","tot_call_durat":"40","imei_id":"","callg_no":"","data_vlm_inpt_val":"10228066","data_vlm_otput_val":"258765"}
,{"recd_seq":"CHNCTKORKF-c97aebc9-b413-4ac3-aeec-dd6c09b95cf2","call_type_id":"GPRS","imsi_id":"450087220136028","chage_id":"788978570","calld_no":"","local_time":"20190610054938","recd_utc_offset":"800","tot_call_durat":"1800","imei_id":"","callg_no":"","data_vlm_inpt_val":"0","data_vlm_otput_val":"0"}
,{"recd_seq":"CHNCTKORKF-616112a9-dece-4710-b40a-e5ccc8788927","call_type_id":"GPRS","imsi_id":"450087220136028","chage_id":"527861351","calld_no":"","local_time":"20190610054344","recd_utc_offset":"800","tot_call_durat":"1800","imei_id":"","callg_no":"","data_vlm_inpt_val":"0","data_vlm_otput_val":"0"}
,{"recd_seq":"CHNCTKORKF-04dc12b9-58ab-4569-baba-9eaa9bfef5c6","call_type_id":"GPRS","imsi_id":"450087220136028","chage_id":"511092215","calld_no":"","local_time":"20190610060759","recd_utc_offset":"800","tot_call_durat":"1800","imei_id":"","callg_no":"","data_vlm_inpt_val":"0","data_vlm_otput_val":"0"}
,{"recd_seq":"CHNCTKORKF-bae7edc9-26f9-464f-aeea-3d5377b8f1d5","call_type_id":"GPRS","imsi_id":"450087220136028","chage_id":"766604844","calld_no":"","local_time":"20190610063440","recd_utc_offset":"800","tot_call_durat":"40","imei_id":"","callg_no":"","data_vlm_inpt_val":"10234459","data_vlm_otput_val":"252442"}
,{"recd_seq":"CHNCTKORKF-9c95085e-e9e0-41e2-a960-2144fdbf7e68","call_type_id":"GPRS","imsi_id":"450087220136028","chage_id":"509356004","calld_no":"","local_time":"20190610055333","recd_utc_offset":"800","tot_call_durat":"1800","imei_id":"","callg_no":"","data_vlm_inpt_val":"0","data_vlm_otput_val":"0"}
,{"recd_seq":"CHNCTKORKF-47ee7806-026e-4612-b7c4-ca58eea61876","call_type_id":"GPRS","imsi_id":"450087220136028","chage_id":"28405273","calld_no":"","local_time":"20190610060927","recd_utc_offset":"800","tot_call_durat":"1800","imei_id":"","callg_no":"","data_vlm_inpt_val":"0","data_vlm_otput_val":"0"}
,{"recd_seq":"CHNCTKORKF-8dc51324-240c-485e-ac37-24df9ccaec37","call_type_id":"GPRS","imsi_id":"450087220136028","chage_id":"684433607","calld_no":"","local_time":"20190610063635","recd_utc_offset":"800","tot_call_durat":"131","imei_id":"","callg_no":"","data_vlm_inpt_val":"256114","data_vlm_otput_val":"10230236"}
,{"recd_seq":"CHNCTKORKF-a3e25b9d-04a1-4211-bab9-d31c28596a85","call_type_id":"GPRS","imsi_id":"450087220136028","chage_id":"169927583","calld_no":"","local_time":"20190610055427","recd_utc_offset":"800","tot_call_durat":"1800","imei_id":"","callg_no":"","data_vlm_inpt_val":"0","data_vlm_otput_val":"0"}
,{"recd_seq":"CHNCTKORKF-502e7126-9138-4e86-9c99-2438e0c3fa44","call_type_id":"GPRS","imsi_id":"450087220136028","chage_id":"214712629","calld_no":"","local_time":"20190610062024","recd_utc_offset":"800","tot_call_durat":"1800","imei_id":"","callg_no":"","data_vlm_inpt_val":"3865678","data_vlm_otput_val":"321491"}
,{"recd_seq":"CHNCTKORKF-b6023b52-17ca-4352-9f04-288b099364cf","call_type_id":"GPRS","imsi_id":"450087220136028","chage_id":"891361124","calld_no":"","local_time":"20190610060943","recd_utc_offset":"800","tot_call_durat":"1800","imei_id":"","callg_no":"","data_vlm_inpt_val":"561","data_vlm_otput_val":"813"}
,{"recd_seq":"CHNCTKORKF-d81bfd17-3b44-46ad-b7a6-5019fc1a2140","call_type_id":"GPRS","imsi_id":"450087220136028","chage_id":"1180589885","calld_no":"","local_time":"20190610054751","recd_utc_offset":"800","tot_call_durat":"1800","imei_id":"","callg_no":"","data_vlm_inpt_val":"0","data_vlm_otput_val":"0"}
,{"recd_seq":"CHNCTKORKF-6823f35c-6b2d-4eb7-af3f-e26da1a6281f","call_type_id":"GPRS","imsi_id":"450087220136028","chage_id":"265014904","calld_no":"","local_time":"20190610060751","recd_utc_offset":"800","tot_call_durat":"1800","imei_id":"","callg_no":"","data_vlm_inpt_val":"0","data_vlm_otput_val":"0"}
,{"recd_seq":"CHNCTKORKF-15c06831-33ae-46c3-bc0a-afe4d3fb5cdc","call_type_id":"GPRS","imsi_id":"450087220136028","chage_id":"265014904","calld_no":"","local_time":"20190610063751","recd_utc_offset":"800","tot_call_durat":"2","imei_id":"","callg_no":"","data_vlm_inpt_val":"0","data_vlm_otput_val":"0"}
,{"recd_seq":"CHNCTKORKF-fc549d4b-8cab-4d6b-acf9-7785c367df92","call_type_id":"GPRS","imsi_id":"450087220136028","chage_id":"684433607","calld_no":"","local_time":"20190610063846","recd_utc_offset":"800","tot_call_durat":"131","imei_id":"","callg_no":"","data_vlm_inpt_val":"240541","data_vlm_otput_val":"10245231"}
,{"recd_seq":"CHNCTKORKF-a9a99c79-b9c3-4a50-aa89-cfbaf38bf2ba","call_type_id":"GPRS","imsi_id":"450087220136028","chage_id":"766604844","calld_no":"","local_time":"20190610063726","recd_utc_offset":"800","tot_call_durat":"35","imei_id":"","callg_no":"","data_vlm_inpt_val":"10210392","data_vlm_otput_val":"275842"}
,{"recd_seq":"CHNCTKORKF-ba4bb4e4-91c0-4059-94f5-de03f3e52d09","call_type_id":"GPRS","imsi_id":"450087220136028","chage_id":"992025252","calld_no":"","local_time":"20190610065126","recd_utc_offset":"800","tot_call_durat":"62","imei_id":"3573260928643900","callg_no":"","data_vlm_inpt_val":"0","data_vlm_otput_val":"0"}
,{"recd_seq":"CHNCTKORKF-eb8e09d3-da08-47fd-8c88-8e10a81894d8","call_type_id":"GPRS","imsi_id":"450087220136028","chage_id":"285664227","calld_no":"","local_time":"20190610061327","recd_utc_offset":"800","tot_call_durat":"175","imei_id":"","callg_no":"","data_vlm_inpt_val":"840","data_vlm_otput_val":"1491"}
,{"recd_seq":"CHNCTKORKF-6f0c01b5-43b3-4ef8-9f84-691c842e887c","call_type_id":"GPRS","imsi_id":"450087220136028","chage_id":"639723358","calld_no":"","local_time":"20190610062137","recd_utc_offset":"800","tot_call_durat":"1800","imei_id":"","callg_no":"","data_vlm_inpt_val":"1171099","data_vlm_otput_val":"3600971"}
,{"recd_seq":"CHNCTKORKF-27c60752-3bb7-44f9-9574-04a52d3aca04","call_type_id":"GPRS","imsi_id":"450087220136028","chage_id":"393634831","calld_no":"","local_time":"20190610061758","recd_utc_offset":"800","tot_call_durat":"1800","imei_id":"","callg_no":"","data_vlm_inpt_val":"0","data_vlm_otput_val":"0"}
,{"recd_seq":"CHNCTKORKF-3195956f-4f64-4bd2-8311-51b3ccd75ada","call_type_id":"GPRS","imsi_id":"450087220136028","chage_id":"645325706","calld_no":"","local_time":"20190610055056","recd_utc_offset":"800","tot_call_durat":"1800","imei_id":"","callg_no":"","data_vlm_inpt_val":"0","data_vlm_otput_val":"0"}
,{"recd_seq":"CHNCTKORKF-b743ac3a-b4fd-45ec-ab9d-a5bd00477931","call_type_id":"GPRS","imsi_id":"450087220136028","chage_id":"684433607","calld_no":"","local_time":"20190610054725","recd_utc_offset":"800","tot_call_durat":"1800","imei_id":"","callg_no":"","data_vlm_inpt_val":"92647","data_vlm_otput_val":"27919"}
,{"recd_seq":"CHNCTKORKF-a66fd585-bd62-4852-9f03-86fadcb40aeb","call_type_id":"GPRS","imsi_id":"450087220136028","chage_id":"878453471","calld_no":"","local_time":"20190610054315","recd_utc_offset":"800","tot_call_durat":"1800","imei_id":"","callg_no":"","data_vlm_inpt_val":"0","data_vlm_otput_val":"0"}
,{"recd_seq":"CHNCTKORKF-81ba0db2-702a-4cc9-aaa8-1cd5b8354955","call_type_id":"GPRS","imsi_id":"450087220136028","chage_id":"526135723","calld_no":"","local_time":"20190610062049","recd_utc_offset":"800","tot_call_durat":"1800","imei_id":"","callg_no":"","data_vlm_inpt_val":"0","data_vlm_otput_val":"0"}
,{"recd_seq":"CHNCTKORKF-c64cd974-dff4-4133-87cf-9f91f6c04ab3","call_type_id":"GPRS","imsi_id":"450087220136028","chage_id":"319215208","calld_no":"","local_time":"20190610061834","recd_utc_offset":"800","tot_call_durat":"1036","imei_id":"","callg_no":"","data_vlm_inpt_val":"9743907","data_vlm_otput_val":"742433"}
,{"recd_seq":"CHNCTKORKF-d5acddeb-fd67-4ce5-a65d-956569630ad5","call_type_id":"GPRS","imsi_id":"450087220136028","chage_id":"1085523760","calld_no":"","local_time":"20190610060339","recd_utc_offset":"800","tot_call_durat":"1800","imei_id":"","callg_no":"","data_vlm_inpt_val":"0","data_vlm_otput_val":"0"}
,{"recd_seq":"CHNCTKORKF-71a643c4-d9da-40e1-afba-8fc379ae258b","call_type_id":"GPRS","imsi_id":"450087220136028","chage_id":"181134069","calld_no":"","local_time":"20190610060201","recd_utc_offset":"800","tot_call_durat":"1800","imei_id":"","callg_no":"","data_vlm_inpt_val":"0","data_vlm_otput_val":"0"}
,{"recd_seq":"CHNCTKORKF-166af686-b880-44c6-9eae-a1c88dc59f4d","call_type_id":"GPRS","imsi_id":"450087220136028","chage_id":"475803596","calld_no":"","local_time":"20190610060222","recd_utc_offset":"800","tot_call_durat":"1800","imei_id":"","callg_no":"","data_vlm_inpt_val":"74269","data_vlm_otput_val":"87853"}
,{"recd_seq":"CHNCTKORKF-560f4000-a1f0-45b1-96c7-5c7502666189","call_type_id":"GPRS","imsi_id":"450087220136028","chage_id":"1059172446","calld_no":"","local_time":"20190610060224","recd_utc_offset":"800","tot_call_durat":"1800","imei_id":"","callg_no":"","data_vlm_inpt_val":"0","data_vlm_otput_val":"0"}
,{"recd_seq":"CHNCTKORKF-2a84a16f-272e-4858-9d64-066c86fae3e2","call_type_id":"GPRS","imsi_id":"450087220136028","chage_id":"1046232712","calld_no":"","local_time":"20190610062151","recd_utc_offset":"800","tot_call_durat":"1800","imei_id":"","callg_no":"","data_vlm_inpt_val":"4187501","data_vlm_otput_val":"582827"}
,{"recd_seq":"CHNCTKORKF-1d13c750-0af3-4905-a112-829f41ba03d1","call_type_id":"GPRS","imsi_id":"450087220136028","chage_id":"979113949","calld_no":"","local_time":"20190610055316","recd_utc_offset":"800","tot_call_durat":"1800","imei_id":"","callg_no":"","data_vlm_inpt_val":"98255","data_vlm_otput_val":"51777"}
,{"recd_seq":"CHNCTKORKF-dd6e7961-5a23-4bf2-9065-14d028e58450","call_type_id":"GPRS","imsi_id":"450087220136028","chage_id":"1113490357","calld_no":"","local_time":"20190610054651","recd_utc_offset":"800","tot_call_durat":"1800","imei_id":"","callg_no":"","data_vlm_inpt_val":"17284","data_vlm_otput_val":"7171"}
,{"recd_seq":"CHNCTKORKF-397f23f6-1c9a-4b65-a59c-bc123f77c746","call_type_id":"GPRS","imsi_id":"450087220136028","chage_id":"488713937","calld_no":"","local_time":"20190610060008","recd_utc_offset":"800","tot_call_durat":"1800","imei_id":"","callg_no":"","data_vlm_inpt_val":"0","data_vlm_otput_val":"0"}
,{"recd_seq":"CHNCTKORKF-14955261-9c38-4bf3-9f14-5dca5bb6b7fb","call_type_id":"GPRS","imsi_id":"450087220136028","chage_id":"684433607","calld_no":"","local_time":"20190610061725","recd_utc_offset":"800","tot_call_durat":"425","imei_id":"","callg_no":"","data_vlm_inpt_val":"262460","data_vlm_otput_val":"10224561"}
,{"recd_seq":"CHNCTKORKF-9a2e9e4a-ac6d-4e85-ae06-a96428c3a021","call_type_id":"GPRS","imsi_id":"450087220136028","chage_id":"455181391","calld_no":"","local_time":"20190610055048","recd_utc_offset":"800","tot_call_durat":"1800","imei_id":"","callg_no":"","data_vlm_inpt_val":"0","data_vlm_otput_val":"0"}
,{"recd_seq":"CHNCTKORKF-03b87e4c-40d1-4235-bfa6-4b232a732305","call_type_id":"GPRS","imsi_id":"450087220136028","chage_id":"319215208","calld_no":"","local_time":"20190610063550","recd_utc_offset":"800","tot_call_durat":"186","imei_id":"","callg_no":"","data_vlm_inpt_val":"9922435","data_vlm_otput_val":"563836"}
,{"recd_seq":"CHNCTKORKF-0bdc1f68-0d40-44e7-9d8f-2e3567f64b1c","call_type_id":"GPRS","imsi_id":"450087220136028","chage_id":"102839153","calld_no":"","local_time":"20190610055238","recd_utc_offset":"800","tot_call_durat":"1800","imei_id":"","callg_no":"","data_vlm_inpt_val":"0","data_vlm_otput_val":"0"}
,{"recd_seq":"CHNCTKORKF-65c5a4b5-350a-441c-b936-806942fe6617","call_type_id":"GPRS","imsi_id":"450087220136028","chage_id":"218547651","calld_no":"","local_time":"20190610064001","recd_utc_offset":"800","tot_call_durat":"712","imei_id":"3583340834472100","callg_no":"","data_vlm_inpt_val":"0","data_vlm_otput_val":"0"}
,{"recd_seq":"CHNCTKORKF-f05584f3-c197-40f9-998d-4307a0f1c096","call_type_id":"GPRS","imsi_id":"450087220136028","chage_id":"510805055","calld_no":"","local_time":"20190610060902","recd_utc_offset":"800","tot_call_durat":"1800","imei_id":"","callg_no":"","data_vlm_inpt_val":"0","data_vlm_otput_val":"0"}
,{"recd_seq":"CHNCTKORKF-b45137ba-3864-4b2b-a866-9bfcff36c4d4","call_type_id":"GPRS","imsi_id":"450087220136028","chage_id":"671537360","calld_no":"","local_time":"20190610055805","recd_utc_offset":"800","tot_call_durat":"1555","imei_id":"","callg_no":"","data_vlm_inpt_val":"0","data_vlm_otput_val":"0"}
,{"recd_seq":"CHNCTKORKF-9316869d-511b-4004-bde8-3fe591c99351","call_type_id":"GPRS","imsi_id":"450087220136028","chage_id":"265014942","calld_no":"","local_time":"20190610055428","recd_utc_offset":"800","tot_call_durat":"1800","imei_id":"","callg_no":"","data_vlm_inpt_val":"0","data_vlm_otput_val":"0"}
,{"recd_seq":"CHNCTKORKF-525db172-04d7-486b-9ea1-5430107c6b4a","call_type_id":"GPRS","imsi_id":"450087220136028","chage_id":"136176280","calld_no":"","local_time":"20190610054731","recd_utc_offset":"800","tot_call_durat":"1800","imei_id":"","callg_no":"","data_vlm_inpt_val":"0","data_vlm_otput_val":"0"}
,{"recd_seq":"CHNCTKORKF-168eaf34-d847-42d0-ad92-3c1fd2fd8027","call_type_id":"GPRS","imsi_id":"450087220136028","chage_id":"738607122","calld_no":"","local_time":"20190610054738","recd_utc_offset":"800","tot_call_durat":"1800","imei_id":"","callg_no":"","data_vlm_inpt_val":"0","data_vlm_otput_val":"0"}
,{"recd_seq":"CHNCTKORKF-a9227153-286d-4de2-a13e-aae812f26195","call_type_id":"GPRS","imsi_id":"450087220136028","chage_id":"964088838","calld_no":"","local_time":"20190610055045","recd_utc_offset":"800","tot_call_durat":"1800","imei_id":"","callg_no":"","data_vlm_inpt_val":"0","data_vlm_otput_val":"0"}
,{"recd_seq":"CHNCTKORKF-f1a039e0-f3a1-4964-b661-c08c45386b92","call_type_id":"GPRS","imsi_id":"450087220136028","chage_id":"930512212","calld_no":"","local_time":"20190610061042","recd_utc_offset":"800","tot_call_durat":"1800","imei_id":"","callg_no":"","data_vlm_inpt_val":"1712","data_vlm_otput_val":"774"}
,{"recd_seq":"CHNCTKORKF-e18469bb-89d1-4c37-a5e9-fb9a380a41ea","call_type_id":"GPRS","imsi_id":"450087220136028","chage_id":"913743200","calld_no":"","local_time":"20190610060855","recd_utc_offset":"800","tot_call_durat":"1800","imei_id":"","callg_no":"","data_vlm_inpt_val":"703","data_vlm_otput_val":"538"}
,{"recd_seq":"CHNCTKORKF-ee815da6-8e47-425a-bc17-9b3f1f6b3244","call_type_id":"GPRS","imsi_id":"450087220136028","chage_id":"95519702","calld_no":"","local_time":"20190610055241","recd_utc_offset":"800","tot_call_durat":"836","imei_id":"","callg_no":"","data_vlm_inpt_val":"9903509","data_vlm_otput_val":"582761"}
,{"recd_seq":"CHNCTKORKF-eb563f8a-6304-4de9-a691-080ef892a0dd","call_type_id":"GPRS","imsi_id":"450087220136028","chage_id":"246515049","calld_no":"","local_time":"20190610054751","recd_utc_offset":"800","tot_call_durat":"1800","imei_id":"","callg_no":"","data_vlm_inpt_val":"0","data_vlm_otput_val":"0"}
,{"recd_seq":"CHNCTKORKF-ec9b0be2-30e3-4fdd-9e0b-be104061d154","call_type_id":"GPRS","imsi_id":"450087220136028","chage_id":"768319580","calld_no":"","local_time":"20190610055147","recd_utc_offset":"800","tot_call_durat":"1800","imei_id":"","callg_no":"","data_vlm_inpt_val":"105","data_vlm_otput_val":"173"}
,{"recd_seq":"CHNCTKORKF-5782bee9-639b-4f53-9847-f705ea7f9288","call_type_id":"GPRS","imsi_id":"450087220136028","chage_id":"622950786","calld_no":"","local_time":"20190610054918","recd_utc_offset":"800","tot_call_durat":"1800","imei_id":"","callg_no":"","data_vlm_inpt_val":"0","data_vlm_otput_val":"0"}
,{"recd_seq":"CHNCTKORKF-9e23e778-3693-4edd-9b5b-97be34305a7f","call_type_id":"GPRS","imsi_id":"450087220136028","chage_id":"766607671","calld_no":"","local_time":"20190610061832","recd_utc_offset":"800","tot_call_durat":"1","imei_id":"","callg_no":"","data_vlm_inpt_val":"0","data_vlm_otput_val":"0"}
,{"recd_seq":"CHNCTKORKF-b83c8272-aaa9-4457-89b7-9c3fe6e31a99","call_type_id":"GPRS","imsi_id":"450087220136028","chage_id":"766607671","calld_no":"","local_time":"20190610054832","recd_utc_offset":"800","tot_call_durat":"1800","imei_id":"","callg_no":"","data_vlm_inpt_val":"0","data_vlm_otput_val":"0"}
,{"recd_seq":"CHNCTKORKF-17b89fad-c2e5-44cd-a67e-59f130166791","call_type_id":"GPRS","imsi_id":"450087220136028","chage_id":"408693466","calld_no":"","local_time":"20190610055058","recd_utc_offset":"800","tot_call_durat":"1800","imei_id":"","callg_no":"","data_vlm_inpt_val":"0","data_vlm_otput_val":"0"}
,{"recd_seq":"CHNCTKORKF-30dbc61d-22f1-44f0-89a3-350d49a339c6","call_type_id":"GPRS","imsi_id":"450087220136028","chage_id":"1036786530","calld_no":"","local_time":"20190610060413","recd_utc_offset":"800","tot_call_durat":"1800","imei_id":"","callg_no":"","data_vlm_inpt_val":"9771","data_vlm_otput_val":"50650"}
,{"recd_seq":"CHNCTKORKF-5f8ab2a9-d7dc-447b-be7f-3927b325fdeb","call_type_id":"GPRS","imsi_id":"450087220136028","chage_id":"207365268","calld_no":"","local_time":"20190610055131","recd_utc_offset":"800","tot_call_durat":"1800","imei_id":"","callg_no":"","data_vlm_inpt_val":"0","data_vlm_otput_val":"0"}
,{"recd_seq":"CHNCTKORKF-86860d78-6bdb-4212-8513-6fac8871fd62","call_type_id":"GPRS","imsi_id":"450087220136028","chage_id":"348891597","calld_no":"","local_time":"20190610054235","recd_utc_offset":"800","tot_call_durat":"1800","imei_id":"","callg_no":"","data_vlm_inpt_val":"0","data_vlm_otput_val":"0"}
,{"recd_seq":"CHNCTKORKF-a2f68c32-9418-4134-8df3-4c398bb653d0","call_type_id":"GPRS","imsi_id":"450087220136028","chage_id":"1035043123","calld_no":"","local_time":"20190610055729","recd_utc_offset":"800","tot_call_durat":"1800","imei_id":"","callg_no":"","data_vlm_inpt_val":"0","data_vlm_otput_val":"0"}
,{"recd_seq":"CHNCTKORKF-edc752e7-2865-42ac-bc13-75eac09a1ab4","call_type_id":"GPRS","imsi_id":"450087220136028","chage_id":"1035043123","calld_no":"","local_time":"20190610062729","recd_utc_offset":"800","tot_call_durat":"1","imei_id":"","callg_no":"","data_vlm_inpt_val":"0","data_vlm_otput_val":"0"}
,{"recd_seq":"CHNCTKORKF-c406b941-b8be-427a-a138-e62d2eed7727","call_type_id":"GPRS","imsi_id":"450087220136028","chage_id":"296845851","calld_no":"","local_time":"20190610055141","recd_utc_offset":"800","tot_call_durat":"1800","imei_id":"","callg_no":"","data_vlm_inpt_val":"0","data_vlm_otput_val":"0"}
,{"recd_seq":"CHNCTKORKF-20b36b71-6440-45a8-a11e-33bf764b7dfd","call_type_id":"GPRS","imsi_id":"450087220136028","chage_id":"363978591","calld_no":"","local_time":"20190610055942","recd_utc_offset":"800","tot_call_durat":"1800","imei_id":"","callg_no":"","data_vlm_inpt_val":"0","data_vlm_otput_val":"0"}
,{"recd_seq":"CHNCTKORKF-4a293a4e-53ac-46a8-957a-d178a9822f66","call_type_id":"GPRS","imsi_id":"450087220136028","chage_id":"526135658","calld_no":"","local_time":"20190610055110","recd_utc_offset":"800","tot_call_durat":"1800","imei_id":"","callg_no":"","data_vlm_inpt_val":"0","data_vlm_otput_val":"0"}
,{"recd_seq":"CHNCTKORKF-df48f2c9-4f7d-4aa2-8101-e3ca1f21dc81","call_type_id":"GPRS","imsi_id":"450087220136028","chage_id":"1042390983","calld_no":"","local_time":"20190610054219","recd_utc_offset":"800","tot_call_durat":"1800","imei_id":"","callg_no":"","data_vlm_inpt_val":"45541","data_vlm_otput_val":"6034"}
,{"recd_seq":"CHNCTKORKF-9a654328-161f-44f2-a2fa-9607e0eba308","call_type_id":"GPRS","imsi_id":"450087220136028","chage_id":"1113491292","calld_no":"","local_time":"20190610061122","recd_utc_offset":"800","tot_call_durat":"58","imei_id":"","callg_no":"","data_vlm_inpt_val":"8571493","data_vlm_otput_val":"1914791"}
,{"recd_seq":"CHNCTKORKF-9a472bc9-3a41-4222-ac06-86f952f289a5","call_type_id":"GPRS","imsi_id":"450087220136028","chage_id":"1064725176","calld_no":"","local_time":"20190610054305","recd_utc_offset":"800","tot_call_durat":"1800","imei_id":"","callg_no":"","data_vlm_inpt_val":"681070","data_vlm_otput_val":"146275"}
,{"recd_seq":"CHNCTKORKF-eaa96b04-510f-4a33-8a8d-dea503ba8ebe","call_type_id":"GPRS","imsi_id":"450087220136028","chage_id":"695671583","calld_no":"","local_time":"20190610061048","recd_utc_offset":"800","tot_call_durat":"1800","imei_id":"","callg_no":"","data_vlm_inpt_val":"0","data_vlm_otput_val":"660"}
,{"recd_seq":"CHNCTKORKF-92ce8b30-d1b8-4b6c-9778-fe9790836ede","call_type_id":"GPRS","imsi_id":"450087220136028","chage_id":"861677580","calld_no":"","local_time":"20190610055005","recd_utc_offset":"800","tot_call_durat":"1800","imei_id":"","callg_no":"","data_vlm_inpt_val":"0","data_vlm_otput_val":"0"}
,{"recd_seq":"CHNCTKORKF-fb1e562a-c41e-4b9c-adab-4cb51c1f1265","call_type_id":"GPRS","imsi_id":"450087220136028","chage_id":"710680365","calld_no":"","local_time":"20190610055232","recd_utc_offset":"800","tot_call_durat":"1800","imei_id":"","callg_no":"","data_vlm_inpt_val":"0","data_vlm_otput_val":"0"}
,{"recd_seq":"CHNCTKORKF-399fb02e-8064-438d-b03c-431a7a5d5714","call_type_id":"GPRS","imsi_id":"450087220136028","chage_id":"964090812","calld_no":"","local_time":"20190610055241","recd_utc_offset":"800","tot_call_durat":"1800","imei_id":"","callg_no":"","data_vlm_inpt_val":"146955","data_vlm_otput_val":"191708"}
,{"recd_seq":"CHNCTKORKF-1e4468f5-4d43-47e7-92f2-5a6b0ee4070b","call_type_id":"GPRS","imsi_id":"450087220136028","chage_id":"1025591337","calld_no":"","local_time":"20190610055101","recd_utc_offset":"800","tot_call_durat":"1800","imei_id":"","callg_no":"","data_vlm_inpt_val":"0","data_vlm_otput_val":"0"}
,{"recd_seq":"CHNCTKORKF-5fdfd77d-1cbf-4df5-9a46-92ade8505c9a","call_type_id":"GPRS","imsi_id":"450087220136028","chage_id":"1025591337","calld_no":"","local_time":"20190610062101","recd_utc_offset":"800","tot_call_durat":"1","imei_id":"","callg_no":"","data_vlm_inpt_val":"0","data_vlm_otput_val":"0"}
,{"recd_seq":"CHNCTKORKF-f0c4f0fd-7b14-4bb0-97ff-684fa384a3ed","call_type_id":"GPRS","imsi_id":"450087220136028","chage_id":"1064725099","calld_no":"","local_time":"20190610054923","recd_utc_offset":"800","tot_call_durat":"1800","imei_id":"","callg_no":"","data_vlm_inpt_val":"0","data_vlm_otput_val":"0"}
,{"recd_seq":"CHNCTKORKF-453f2e7f-3524-433a-9266-82ccdaf19dfa","call_type_id":"GPRS","imsi_id":"450087220136028","chage_id":"1064725099","calld_no":"","local_time":"20190610061923","recd_utc_offset":"800","tot_call_durat":"1","imei_id":"","callg_no":"","data_vlm_inpt_val":"0","data_vlm_otput_val":"0"}
,{"recd_seq":"CHNCTKORKF-e9e0444f-607c-4915-8993-8bd6ca4e814a","call_type_id":"GPRS","imsi_id":"450087220136028","chage_id":"706828749","calld_no":"","local_time":"20190610055612","recd_utc_offset":"800","tot_call_durat":"1800","imei_id":"","callg_no":"","data_vlm_inpt_val":"0","data_vlm_otput_val":"0"}
,{"recd_seq":"CHNCTKORKF-b42b68e4-aad4-4eaa-9d5c-604b4f42811c","call_type_id":"GPRS","imsi_id":"450087220136028","chage_id":"89930360","calld_no":"","local_time":"20190610055853","recd_utc_offset":"800","tot_call_durat":"962","imei_id":"","callg_no":"","data_vlm_inpt_val":"9225849","data_vlm_otput_val":"1260103"}
,{"recd_seq":"CHNCTKORKF-e96088d9-9885-4c3c-9858-f85381a9e308","call_type_id":"GPRS","imsi_id":"450087220136028","chage_id":"89930360","calld_no":"","local_time":"20190610061455","recd_utc_offset":"800","tot_call_durat":"20","imei_id":"","callg_no":"","data_vlm_inpt_val":"10178266","data_vlm_otput_val":"307713"}
,{"recd_seq":"CHNCTKORKF-bcd11f44-2a2f-4039-a712-cb8712bc6abd","call_type_id":"GPRS","imsi_id":"450087220136028","chage_id":"89930360","calld_no":"","local_time":"20190610061515","recd_utc_offset":"800","tot_call_durat":"2","imei_id":"","callg_no":"","data_vlm_inpt_val":"10360747","data_vlm_otput_val":"126070"}
,{"recd_seq":"CHNCTKORKF-7d88499e-c7d2-4ccb-acb7-1846b24f1afa","call_type_id":"GPRS","imsi_id":"450087220136028","chage_id":"841064798","calld_no":"","local_time":"20190610055328","recd_utc_offset":"800","tot_call_durat":"1800","imei_id":"","callg_no":"","data_vlm_inpt_val":"0","data_vlm_otput_val":"0"}
,{"recd_seq":"CHNCTKORKF-ec070350-821c-4004-bed4-ead5ba19b00f","call_type_id":"GPRS","imsi_id":"450087220136028","chage_id":"1091112023","calld_no":"","local_time":"20190610055359","recd_utc_offset":"800","tot_call_durat":"1800","imei_id":"","callg_no":"","data_vlm_inpt_val":"0","data_vlm_otput_val":"0"}
,{"recd_seq":"CHNCTKORKF-a5d8e57d-4a09-4b4f-8963-7fc8a1f5dbf0","call_type_id":"GPRS","imsi_id":"450087220136028","chage_id":"134667011","calld_no":"","local_time":"20190610055653","recd_utc_offset":"800","tot_call_durat":"1800","imei_id":"","callg_no":"","data_vlm_inpt_val":"472169","data_vlm_otput_val":"602678"}
,{"recd_seq":"CHNCTKORKF-00b53598-7c01-4717-91f3-5d1d91088e25","call_type_id":"GPRS","imsi_id":"450087220136028","chage_id":"1064671662","calld_no":"","local_time":"20190610055714","recd_utc_offset":"800","tot_call_durat":"1800","imei_id":"","callg_no":"","data_vlm_inpt_val":"0","data_vlm_otput_val":"0"}
,{"recd_seq":"CHNCTKORKF-0daa2418-a5c1-4909-ad8b-426355a6bd61","call_type_id":"GPRS","imsi_id":"450087220136028","chage_id":"30062883","calld_no":"","local_time":"20190610061030","recd_utc_offset":"800","tot_call_durat":"1800","imei_id":"","callg_no":"","data_vlm_inpt_val":"0","data_vlm_otput_val":"0"}
,{"recd_seq":"CHNCTKORKF-ab15ac4c-b151-423d-9e3a-2ca8ef73bd89","call_type_id":"GPRS","imsi_id":"450087220136028","chage_id":"1113491292","calld_no":"","local_time":"20190610061220","recd_utc_offset":"800","tot_call_durat":"52","imei_id":"","callg_no":"","data_vlm_inpt_val":"9680571","data_vlm_otput_val":"806034"}
,{"recd_seq":"CHNCTKORKF-d59df7a6-422d-4114-9c43-a74471672f80","call_type_id":"GPRS","imsi_id":"450087220136028","chage_id":"1113491292","calld_no":"","local_time":"20190610061312","recd_utc_offset":"800","tot_call_durat":"50","imei_id":"","callg_no":"","data_vlm_inpt_val":"10177299","data_vlm_otput_val":"309832"}
,{"recd_seq":"CHNCTKORKF-f8a6b005-020f-4a39-8d72-21b75f6630d9","call_type_id":"GPRS","imsi_id":"450087220136028","chage_id":"1113491292","calld_no":"","local_time":"20190610061402","recd_utc_offset":"800","tot_call_durat":"47","imei_id":"","callg_no":"","data_vlm_inpt_val":"10114501","data_vlm_otput_val":"371823"}
,{"recd_seq":"CHNCTKORKF-de46a9c4-0fea-43af-8be8-7b5bf80b50ed","call_type_id":"GPRS","imsi_id":"450087220136028","chage_id":"1119076634","calld_no":"","local_time":"20190610054439","recd_utc_offset":"800","tot_call_durat":"1800","imei_id":"","callg_no":"","data_vlm_inpt_val":"0","data_vlm_otput_val":"0"}
,{"recd_seq":"CHNCTKORKF-1ebd595a-2a3b-4807-867f-55609bf87a48","call_type_id":"GPRS","imsi_id":"450087220136028","chage_id":"766604844","calld_no":"","local_time":"20190610062627","recd_utc_offset":"800","tot_call_durat":"67","imei_id":"","callg_no":"","data_vlm_inpt_val":"10144020","data_vlm_otput_val":"342011"}
,{"recd_seq":"CHNCTKORKF-d6d3bd1f-1a83-4576-a54a-a72b5af82fb6","call_type_id":"GPRS","imsi_id":"450087220136028","chage_id":"477557273","calld_no":"","local_time":"20190610054314","recd_utc_offset":"800","tot_call_durat":"1800","imei_id":"","callg_no":"","data_vlm_inpt_val":"0","data_vlm_otput_val":"0"}
,{"recd_seq":"CHNCTKORKF-dadc103f-1bf6-4893-93d8-153ff8a48400","call_type_id":"GPRS","imsi_id":"450087220136028","chage_id":"964093185","calld_no":"","local_time":"20190610055327","recd_utc_offset":"800","tot_call_durat":"1800","imei_id":"","callg_no":"","data_vlm_inpt_val":"0","data_vlm_otput_val":"0"}
,{"recd_seq":"CHNCTKORKF-6754094b-8aa9-4d19-b542-35d294322392","call_type_id":"GPRS","imsi_id":"450087220136028","chage_id":"846606512","calld_no":"","local_time":"20190610055401","recd_utc_offset":"800","tot_call_durat":"1800","imei_id":"","callg_no":"","data_vlm_inpt_val":"0","data_vlm_otput_val":"0"}
,{"recd_seq":"CHNCTKORKF-be995a71-9670-4e9c-9493-7d2289ee1691","call_type_id":"GPRS","imsi_id":"450087220136028","chage_id":"455182617","calld_no":"","local_time":"20190610060130","recd_utc_offset":"800","tot_call_durat":"1800","imei_id":"","callg_no":"","data_vlm_inpt_val":"0","data_vlm_otput_val":"0"}
,{"recd_seq":"CHNCTKORKF-70ac5558-8801-4558-aee9-8934db4cba35","call_type_id":"GPRS","imsi_id":"450087220136028","chage_id":"499901181","calld_no":"","local_time":"20190610060139","recd_utc_offset":"800","tot_call_durat":"1800","imei_id":"","callg_no":"","data_vlm_inpt_val":"18263","data_vlm_otput_val":"4211"}
,{"recd_seq":"CHNCTKORKF-65abc333-a7e4-458c-9792-0a45f210d36f","call_type_id":"GPRS","imsi_id":"450087220136028","chage_id":"980836270","calld_no":"","local_time":"20190610055959","recd_utc_offset":"800","tot_call_durat":"1800","imei_id":"","callg_no":"","data_vlm_inpt_val":"0","data_vlm_otput_val":"0"}
,{"recd_seq":"CHNCTKORKF-39ecaead-049c-49a7-80bb-bf42108e0ccb","call_type_id":"GPRS","imsi_id":"450087220136028","chage_id":"1113491292","calld_no":"","local_time":"20190610061449","recd_utc_offset":"800","tot_call_durat":"42","imei_id":"","callg_no":"","data_vlm_inpt_val":"10183065","data_vlm_otput_val":"303196"}
,{"recd_seq":"CHNCTKORKF-93e19b71-1523-4c54-986e-57060ffdc4d2","call_type_id":"GPRS","imsi_id":"450087220136028","chage_id":"1113491292","calld_no":"","local_time":"20190610061531","recd_utc_offset":"800","tot_call_durat":"45","imei_id":"","callg_no":"","data_vlm_inpt_val":"10168155","data_vlm_otput_val":"318783"}
,{"recd_seq":"CHNCTKORKF-b35eab4b-3510-4b80-b615-a9270ed3a71d","call_type_id":"GPRS","imsi_id":"450087220136028","chage_id":"320956676","calld_no":"","local_time":"20190610055226","recd_utc_offset":"800","tot_call_durat":"1800","imei_id":"","callg_no":"","data_vlm_inpt_val":"0","data_vlm_otput_val":"0"}
,{"recd_seq":"CHNCTKORKF-b9c7eba8-0076-4fec-a939-e6dbeb2deed3","call_type_id":"GPRS","imsi_id":"450087220136028","chage_id":"671536754","calld_no":"","local_time":"20190610060156","recd_utc_offset":"800","tot_call_durat":"1800","imei_id":"","callg_no":"","data_vlm_inpt_val":"171957","data_vlm_otput_val":"52439"}
,{"recd_seq":"CHNCTKORKF-ebd52431-1c0c-4764-be3f-5177927056b2","call_type_id":"GPRS","imsi_id":"450087220136028","chage_id":"67553690","calld_no":"","local_time":"20190610055641","recd_utc_offset":"800","tot_call_durat":"1800","imei_id":"","callg_no":"","data_vlm_inpt_val":"0","data_vlm_otput_val":"0"}
,{"recd_seq":"CHNCTKORKF-ec0ceecc-d7d2-4d51-956d-9b9f3693e97b","call_type_id":"GPRS","imsi_id":"450087220136028","chage_id":"733058101","calld_no":"","local_time":"20190610054944","recd_utc_offset":"800","tot_call_durat":"1800","imei_id":"","callg_no":"","data_vlm_inpt_val":"0","data_vlm_otput_val":"0"}
,{"recd_seq":"CHNCTKORKF-e684749f-174f-422f-ad27-ddff14a2ddbb","call_type_id":"GPRS","imsi_id":"450087220136028","chage_id":"1113491292","calld_no":"","local_time":"20190610061616","recd_utc_offset":"800","tot_call_durat":"47","imei_id":"","callg_no":"","data_vlm_inpt_val":"10145677","data_vlm_otput_val":"341224"}
,{"recd_seq":"CHNCTKORKF-a9066347-37c2-480e-8993-68efd93ef190","call_type_id":"GPRS","imsi_id":"450087220136028","chage_id":"1113491292","calld_no":"","local_time":"20190610061703","recd_utc_offset":"800","tot_call_durat":"76","imei_id":"","callg_no":"","data_vlm_inpt_val":"10114110","data_vlm_otput_val":"372879"}
,{"recd_seq":"CHNCTKORKF-6c06f4f5-9756-4cd2-b93c-dc6e603e8be0","call_type_id":"GPRS","imsi_id":"450087220136028","chage_id":"214715047","calld_no":"","local_time":"20190610054606","recd_utc_offset":"800","tot_call_durat":"1800","imei_id":"","callg_no":"","data_vlm_inpt_val":"0","data_vlm_otput_val":"0"}
,{"recd_seq":"CHNCTKORKF-c52eb7d5-77bb-418a-9ae1-283088d2281a","call_type_id":"GPRS","imsi_id":"450087220136028","chage_id":"902575673","calld_no":"","local_time":"20190610054716","recd_utc_offset":"800","tot_call_durat":"1800","imei_id":"","callg_no":"","data_vlm_inpt_val":"0","data_vlm_otput_val":"0"}
,{"recd_seq":"CHNCTKORKF-899d03ba-70dd-444f-9690-88eca9472a42","call_type_id":"GPRS","imsi_id":"450087220136028","chage_id":"766604844","calld_no":"","local_time":"20190610062316","recd_utc_offset":"800","tot_call_durat":"67","imei_id":"","callg_no":"","data_vlm_inpt_val":"10091422","data_vlm_otput_val":"394910"}
,{"recd_seq":"CHNCTKORKF-826c79b8-5cfe-4a21-8b3b-e49170befa17","call_type_id":"GPRS","imsi_id":"450087220136028","chage_id":"1163816671","calld_no":"","local_time":"20190610063906","recd_utc_offset":"800","tot_call_durat":"255","imei_id":"","callg_no":"","data_vlm_inpt_val":"52","data_vlm_otput_val":"52"}
,{"recd_seq":"CHNCTKORKF-e204ebe2-e8f9-4713-88bb-675f416d5205","call_type_id":"GPRS","imsi_id":"450087220136028","chage_id":"298619104","calld_no":"","local_time":"20190610055805","recd_utc_offset":"800","tot_call_durat":"1800","imei_id":"","callg_no":"","data_vlm_inpt_val":"412882","data_vlm_otput_val":"448095"}
,{"recd_seq":"CHNCTKORKF-5c513c1a-363a-43c4-9db4-a3e5c62785a4","call_type_id":"GPRS","imsi_id":"450087220136028","chage_id":"710680365","calld_no":"","local_time":"20190610064411","recd_utc_offset":"800","tot_call_durat":"8","imei_id":"3535250915257300","callg_no":"","data_vlm_inpt_val":"0","data_vlm_otput_val":"0"}
,{"recd_seq":"CHNCTKORKF-bcea02c7-5773-492f-bcb3-e1eba69fb57c","call_type_id":"GPRS","imsi_id":"450087220136028","chage_id":"337727390","calld_no":"","local_time":"20190610055330","recd_utc_offset":"800","tot_call_durat":"1800","imei_id":"","callg_no":"","data_vlm_inpt_val":"0","data_vlm_otput_val":"0"}
,{"recd_seq":"CHNCTKORKF-0b95e3c2-23b7-45b2-a66f-ac16c73c556d","call_type_id":"GPRS","imsi_id":"450087220136028","chage_id":"404852670","calld_no":"","local_time":"20190610053653","recd_utc_offset":"800","tot_call_durat":"1800","imei_id":"","callg_no":"","data_vlm_inpt_val":"51962","data_vlm_otput_val":"18879"}
,{"recd_seq":"CHNCTKORKF-471a4c6c-09d0-420d-8444-056484ba31dc","call_type_id":"GPRS","imsi_id":"450087220136028","chage_id":"995900412","calld_no":"","local_time":"20190610060404","recd_utc_offset":"800","tot_call_durat":"1800","imei_id":"","callg_no":"","data_vlm_inpt_val":"26608","data_vlm_otput_val":"10019"}
,{"recd_seq":"CHNCTKORKF-edf7ed8e-0300-41af-9c07-405193fb70ba","call_type_id":"GPRS","imsi_id":"450087220136028","chage_id":"1186194739","calld_no":"","local_time":"20190610063621","recd_utc_offset":"800","tot_call_durat":"22","imei_id":"","callg_no":"","data_vlm_inpt_val":"0","data_vlm_otput_val":"0"}
,{"recd_seq":"CHNCTKORKF-324597b0-885e-4044-a39d-1b0837fe631b","call_type_id":"GPRS","imsi_id":"450087220136028","chage_id":"785111414","calld_no":"","local_time":"20190610063919","recd_utc_offset":"800","tot_call_durat":"61","imei_id":"","callg_no":"","data_vlm_inpt_val":"0","data_vlm_otput_val":"0"}
,{"recd_seq":"CHNCTKORKF-821cc15f-cae2-4668-80a1-4fd2dceed8b9","call_type_id":"GPRS","imsi_id":"450087220136028","chage_id":"1113491292","calld_no":"","local_time":"20190610061819","recd_utc_offset":"800","tot_call_durat":"48","imei_id":"","callg_no":"","data_vlm_inpt_val":"10180933","data_vlm_otput_val":"306219"}
,{"recd_seq":"CHNCTKORKF-77a4cc7b-1649-4180-9cd9-981a8aa6ee82","call_type_id":"GPRS","imsi_id":"450087220136028","chage_id":"1113491292","calld_no":"","local_time":"20190610061907","recd_utc_offset":"800","tot_call_durat":"46","imei_id":"","callg_no":"","data_vlm_inpt_val":"10188443","data_vlm_otput_val":"297667"}
,{"recd_seq":"CHNCTKORKF-8df5fc71-3f1e-4578-bcda-7cc0a6b37918","call_type_id":"GPRS","imsi_id":"450087220136028","chage_id":"1113491292","calld_no":"","local_time":"20190610061953","recd_utc_offset":"800","tot_call_durat":"42","imei_id":"","callg_no":"","data_vlm_inpt_val":"10160788","data_vlm_otput_val":"325204"}
,{"recd_seq":"CHNCTKORKF-513a4df2-42f0-47c3-bbae-ac99b912e998","call_type_id":"GPRS","imsi_id":"450087220136028","chage_id":"766604844","calld_no":"","local_time":"20190610062525","recd_utc_offset":"800","tot_call_durat":"62","imei_id":"","callg_no":"","data_vlm_inpt_val":"10167597","data_vlm_otput_val":"318924"}
,{"recd_seq":"CHNCTKORKF-790570ac-5325-4c6b-b3fa-907450ec9079","call_type_id":"GPRS","imsi_id":"450087220136028","chage_id":"264959825","calld_no":"","local_time":"20190610055826","recd_utc_offset":"800","tot_call_durat":"1800","imei_id":"","callg_no":"","data_vlm_inpt_val":"0","data_vlm_otput_val":"0"}
,{"recd_seq":"CHNCTKORKF-7451597f-0d9a-409f-a03a-87110cc45664","call_type_id":"GPRS","imsi_id":"450087220136028","chage_id":"833718319","calld_no":"","local_time":"20190610060040","recd_utc_offset":"800","tot_call_durat":"1800","imei_id":"","callg_no":"","data_vlm_inpt_val":"125717","data_vlm_otput_val":"46102"}
,{"recd_seq":"CHNCTKORKF-23341562-a4cc-476a-aa67-bbf533f7de56","call_type_id":"GPRS","imsi_id":"450087220136028","chage_id":"526135110","calld_no":"","local_time":"20190610060009","recd_utc_offset":"800","tot_call_durat":"1800","imei_id":"","callg_no":"","data_vlm_inpt_val":"96745","data_vlm_otput_val":"95057"}
,{"recd_seq":"CHNCTKORKF-02050997-2c87-4250-aac2-df5341381a8f","call_type_id":"GPRS","imsi_id":"450087220136028","chage_id":"464620933","calld_no":"","local_time":"20190610054429","recd_utc_offset":"800","tot_call_durat":"1800","imei_id":"","callg_no":"","data_vlm_inpt_val":"0","data_vlm_otput_val":"0"}
,{"recd_seq":"CHNCTKORKF-79aca2d2-c0c0-4a62-9263-1e065d9630a5","call_type_id":"GPRS","imsi_id":"450087220136028","chage_id":"129075874","calld_no":"","local_time":"20190610054513","recd_utc_offset":"800","tot_call_durat":"1800","imei_id":"","callg_no":"","data_vlm_inpt_val":"48610","data_vlm_otput_val":"12706"}
,{"recd_seq":"CHNCTKORKF-d9232e69-81e3-48db-900b-3db00c8f6643","call_type_id":"GPRS","imsi_id":"450087220136028","chage_id":"857800564","calld_no":"","local_time":"20190610053914","recd_utc_offset":"800","tot_call_durat":"1800","imei_id":"","callg_no":"","data_vlm_inpt_val":"3104926","data_vlm_otput_val":"789446"}
,{"recd_seq":"CHNCTKORKF-e5215962-7207-442c-a7c2-f86257f18a83","call_type_id":"GPRS","imsi_id":"450087220136028","chage_id":"1135858776","calld_no":"","local_time":"20190610062721","recd_utc_offset":"800","tot_call_durat":"17","imei_id":"","callg_no":"","data_vlm_inpt_val":"0","data_vlm_otput_val":"0"}
,{"recd_seq":"CHNCTKORKF-f0616b16-17bb-43f3-80f0-5ffc9bc0ca59","call_type_id":"GPRS","imsi_id":"450087220136028","chage_id":"785111414","calld_no":"","local_time":"20190610060919","recd_utc_offset":"800","tot_call_durat":"1800","imei_id":"","callg_no":"","data_vlm_inpt_val":"0","data_vlm_otput_val":"0"}
,{"recd_seq":"CHNCTKORKF-5c753f2a-77ec-45c0-8ec4-d5df4adafd34","call_type_id":"GPRS","imsi_id":"450087220136028","chage_id":"1014411228","calld_no":"","local_time":"20190610054701","recd_utc_offset":"800","tot_call_durat":"1800","imei_id":"","callg_no":"","data_vlm_inpt_val":"13327","data_vlm_otput_val":"4997"}
,{"recd_seq":"CHNCTKORKF-0d36ed6b-f762-47ae-a973-40936442d129","call_type_id":"GPRS","imsi_id":"450087220136028","chage_id":"201770599","calld_no":"","local_time":"20190610063008","recd_utc_offset":"800","tot_call_durat":"365","imei_id":"","callg_no":"","data_vlm_inpt_val":"9959058","data_vlm_otput_val":"526965"}
,{"recd_seq":"CHNCTKORKF-5ee5bd16-22b1-4d89-883e-170ef4706d41","call_type_id":"GPRS","imsi_id":"450087220136028","chage_id":"1113491292","calld_no":"","local_time":"20190610062035","recd_utc_offset":"800","tot_call_durat":"27","imei_id":"","callg_no":"","data_vlm_inpt_val":"10170862","data_vlm_otput_val":"315349"}
,{"recd_seq":"CHNCTKORKF-57921168-91a3-4da3-94de-4d29f5b85ef0","call_type_id":"GPRS","imsi_id":"450087220136028","chage_id":"1113491292","calld_no":"","local_time":"20190610062102","recd_utc_offset":"800","tot_call_durat":"33","imei_id":"","callg_no":"","data_vlm_inpt_val":"10168049","data_vlm_otput_val":"317988"}
,{"recd_seq":"CHNCTKORKF-c7893922-a118-4cfc-aae0-9a868833e84a","call_type_id":"GPRS","imsi_id":"450087220136028","chage_id":"1113491292","calld_no":"","local_time":"20190610062135","recd_utc_offset":"800","tot_call_durat":"34","imei_id":"","callg_no":"","data_vlm_inpt_val":"10111081","data_vlm_otput_val":"375463"}
,{"recd_seq":"CHNCTKORKF-28a4c373-ab00-4416-a934-f97bf6b13d3a","call_type_id":"GPRS","imsi_id":"450087220136028","chage_id":"95519702","calld_no":"","local_time":"20190610060637","recd_utc_offset":"800","tot_call_durat":"765","imei_id":"","callg_no":"","data_vlm_inpt_val":"6297023","data_vlm_otput_val":"781340"}
,{"recd_seq":"CHNCTKORKF-cc7e9303-a646-42c0-a4db-e458b43e4212","call_type_id":"GPRS","imsi_id":"450087220136028","chage_id":"248257426","calld_no":"","local_time":"20190610062926","recd_utc_offset":"800","tot_call_durat":"1","imei_id":"","callg_no":"","data_vlm_inpt_val":"0","data_vlm_otput_val":"0"}
,{"recd_seq":"CHNCTKORKF-c8794b1e-b19c-4b7f-a7e6-ece47d733608","call_type_id":"GPRS","imsi_id":"450087220136028","chage_id":"248257426","calld_no":"","local_time":"20190610055926","recd_utc_offset":"800","tot_call_durat":"1800","imei_id":"","callg_no":"","data_vlm_inpt_val":"0","data_vlm_otput_val":"0"}
,{"recd_seq":"CHNCTKORKF-a1957357-be5f-41b1-a093-53c851b9e7c0","call_type_id":"GPRS","imsi_id":"450087220136028","chage_id":"678874616","calld_no":"","local_time":"20190610060842","recd_utc_offset":"800","tot_call_durat":"1800","imei_id":"","callg_no":"","data_vlm_inpt_val":"0","data_vlm_otput_val":"0"}
,{"recd_seq":"CHNCTKORKF-c08a503a-0b81-4f92-a3de-985067a628d2","call_type_id":"GPRS","imsi_id":"450087220136028","chage_id":"63718338","calld_no":"","local_time":"20190610053925","recd_utc_offset":"800","tot_call_durat":"1800","imei_id":"","callg_no":"","data_vlm_inpt_val":"0","data_vlm_otput_val":"0"}
,{"recd_seq":"CHNCTKORKF-f7413ab5-2596-4fba-a861-e55b764a833d","call_type_id":"GPRS","imsi_id":"450087220136028","chage_id":"114022405","calld_no":"","local_time":"20190610064439","recd_utc_offset":"800","tot_call_durat":"8","imei_id":"3583340807405200","callg_no":"","data_vlm_inpt_val":"0","data_vlm_otput_val":"0"}
,{"recd_seq":"CHNCTKORKF-ebd3dd15-f709-46ef-93e2-e012dc09abca","call_type_id":"GPRS","imsi_id":"450087220136028","chage_id":"89930360","calld_no":"","local_time":"20190610061517","recd_utc_offset":"800","tot_call_durat":"161","imei_id":"","callg_no":"","data_vlm_inpt_val":"5624690","data_vlm_otput_val":"354943"}
,{"recd_seq":"CHNCTKORKF-8e17223d-d72f-4fee-b486-aff3971168d4","call_type_id":"GPRS","imsi_id":"450087220136028","chage_id":"923194768","calld_no":"","local_time":"20190610061510","recd_utc_offset":"800","tot_call_durat":"1800","imei_id":"","callg_no":"","data_vlm_inpt_val":"0","data_vlm_otput_val":"0"}
,{"recd_seq":"CHNCTKORKF-9e0c00a6-0195-468e-9ca9-7055fbda173d","call_type_id":"GPRS","imsi_id":"450087220136028","chage_id":"67548095","calld_no":"","local_time":"20190610061516","recd_utc_offset":"800","tot_call_durat":"1800","imei_id":"","callg_no":"","data_vlm_inpt_val":"595","data_vlm_otput_val":"3253"}
,{"recd_seq":"CHNCTKORKF-c9739999-7d7e-4176-9355-88e0f8ca1278","call_type_id":"GPRS","imsi_id":"450087220136028","chage_id":"201770599","calld_no":"","local_time":"20190610060008","recd_utc_offset":"800","tot_call_durat":"1800","imei_id":"","callg_no":"","data_vlm_inpt_val":"4702356","data_vlm_otput_val":"336404"}
,{"recd_seq":"CHNCTKORKF-92d2198c-6561-41ae-824f-6e60ab9a0e69","call_type_id":"GPRS","imsi_id":"450087220136028","chage_id":"1113491292","calld_no":"","local_time":"20190610062209","recd_utc_offset":"800","tot_call_durat":"38","imei_id":"","callg_no":"","data_vlm_inpt_val":"10132306","data_vlm_otput_val":"353769"}
,{"recd_seq":"CHNCTKORKF-ba8b9948-74db-4206-8fe2-6ddd15ee48c1","call_type_id":"GPRS","imsi_id":"450087220136028","chage_id":"1113491292","calld_no":"","local_time":"20190610062247","recd_utc_offset":"800","tot_call_durat":"38","imei_id":"","callg_no":"","data_vlm_inpt_val":"10109628","data_vlm_otput_val":"376221"}
,{"recd_seq":"CHNCTKORKF-51623394-3a5e-4112-90eb-3f61a9d3a91b","call_type_id":"GPRS","imsi_id":"450087220136028","chage_id":"1175006043","calld_no":"","local_time":"20190610060105","recd_utc_offset":"800","tot_call_durat":"1290","imei_id":"","callg_no":"","data_vlm_inpt_val":"0","data_vlm_otput_val":"0"}
,{"recd_seq":"CHNCTKORKF-98a53f3d-276d-4eb4-b54a-01b576370230","call_type_id":"GPRS","imsi_id":"450087220136028","chage_id":"1063008986","calld_no":"","local_time":"20190610055326","recd_utc_offset":"800","tot_call_durat":"1800","imei_id":"","callg_no":"","data_vlm_inpt_val":"206398","data_vlm_otput_val":"76741"}
,{"recd_seq":"CHNCTKORKF-0b4d2aa8-0d73-4d7b-86c5-aa8fcbf8e3eb","call_type_id":"GPRS","imsi_id":"450087220136028","chage_id":"693909033","calld_no":"","local_time":"20190610060108","recd_utc_offset":"800","tot_call_durat":"1800","imei_id":"","callg_no":"","data_vlm_inpt_val":"0","data_vlm_otput_val":"0"}
,{"recd_seq":"CHNCTKORKF-f8f85e83-6c08-4cef-b46d-9dd281c13b61","call_type_id":"GPRS","imsi_id":"450087220136028","chage_id":"520540174","calld_no":"","local_time":"20190610064309","recd_utc_offset":"800","tot_call_durat":"20","imei_id":"8671050205293600","callg_no":"","data_vlm_inpt_val":"0","data_vlm_otput_val":"0"}
,{"recd_seq":"CHNCTKORKF-6f267360-b56e-4617-8bd5-2732eda96ff2","call_type_id":"GPRS","imsi_id":"450087220136028","chage_id":"570871782","calld_no":"","local_time":"20190610060840","recd_utc_offset":"800","tot_call_durat":"1","imei_id":"","callg_no":"","data_vlm_inpt_val":"0","data_vlm_otput_val":"0"}
,{"recd_seq":"CHNCTKORKF-fa992c41-5fd7-4a52-8b8a-253387d3c537","call_type_id":"GPRS","imsi_id":"450087220136028","chage_id":"570871782","calld_no":"","local_time":"20190610053840","recd_utc_offset":"800","tot_call_durat":"1800","imei_id":"","callg_no":"","data_vlm_inpt_val":"0","data_vlm_otput_val":"0"}
,{"recd_seq":"CHNCTKORKF-71ef08af-494c-45c2-b49f-c9001f5aee0d","call_type_id":"GPRS","imsi_id":"450087220136028","chage_id":"522273313","calld_no":"","local_time":"20190610054844","recd_utc_offset":"800","tot_call_durat":"1800","imei_id":"","callg_no":"","data_vlm_inpt_val":"2557","data_vlm_otput_val":"1596"}
,{"recd_seq":"CHNCTKORKF-a568a1c6-2177-4743-87ae-1a89bc1809aa","call_type_id":"GPRS","imsi_id":"450087220136028","chage_id":"169925414","calld_no":"","local_time":"20190610054916","recd_utc_offset":"800","tot_call_durat":"1800","imei_id":"","callg_no":"","data_vlm_inpt_val":"23781","data_vlm_otput_val":"8806"}
,{"recd_seq":"CHNCTKORKF-9de3ecb2-2795-4a1a-b0ce-3ba2a45196d2","call_type_id":"GPRS","imsi_id":"450087220136028","chage_id":"766604844","calld_no":"","local_time":"20190610063151","recd_utc_offset":"800","tot_call_durat":"63","imei_id":"","callg_no":"","data_vlm_inpt_val":"10149576","data_vlm_otput_val":"336744"}
,{"recd_seq":"CHNCTKORKF-7e5dbae9-45f4-46f1-b98e-285701f75508","call_type_id":"GPRS","imsi_id":"450087220136028","chage_id":"727460578","calld_no":"","local_time":"20190610060711","recd_utc_offset":"800","tot_call_durat":"1800","imei_id":"","callg_no":"","data_vlm_inpt_val":"0","data_vlm_otput_val":"0"}
,{"recd_seq":"CHNCTKORKF-0e0776a3-5836-4304-8205-99d94f7fa9cc","call_type_id":"GPRS","imsi_id":"450087220136028","chage_id":"270583788","calld_no":"","local_time":"20190610063523","recd_utc_offset":"800","tot_call_durat":"2","imei_id":"","callg_no":"","data_vlm_inpt_val":"0","data_vlm_otput_val":"0"}
,{"recd_seq":"CHNCTKORKF-90260b7d-a4d4-4b9e-9e0e-772f35ea98bc","call_type_id":"GPRS","imsi_id":"450087220136028","chage_id":"270583788","calld_no":"","local_time":"20190610060523","recd_utc_offset":"800","tot_call_durat":"1800","imei_id":"","callg_no":"","data_vlm_inpt_val":"0","data_vlm_otput_val":"0"}
,{"recd_seq":"CHNCTKORKF-d32202e8-c6fc-45e9-bc9d-b18cbdbf32c6","call_type_id":"GPRS","imsi_id":"450087220136028","chage_id":"453430506","calld_no":"","local_time":"20190610061030","recd_utc_offset":"800","tot_call_durat":"1800","imei_id":"","callg_no":"","data_vlm_inpt_val":"821931","data_vlm_otput_val":"135507"}
,{"recd_seq":"CHNCTKORKF-8af5f5fd-deb4-4380-abb7-6a00e6e0b4cd","call_type_id":"GPRS","imsi_id":"450087220136028","chage_id":"861675257","calld_no":"","local_time":"20190610061201","recd_utc_offset":"800","tot_call_durat":"1800","imei_id":"","callg_no":"","data_vlm_inpt_val":"657","data_vlm_otput_val":"607"}
,{"recd_seq":"CHNCTKORKF-10dd5453-44cd-4a3b-91de-892223048c4f","call_type_id":"GPRS","imsi_id":"450087220136028","chage_id":"734771430","calld_no":"","local_time":"20190610060240","recd_utc_offset":"800","tot_call_durat":"1800","imei_id":"","callg_no":"","data_vlm_inpt_val":"0","data_vlm_otput_val":"0"}
,{"recd_seq":"CHNCTKORKF-8fa3e846-4c02-441f-b0e4-65e116bd000e","call_type_id":"GPRS","imsi_id":"450087220136028","chage_id":"520540174","calld_no":"","local_time":"20190610054457","recd_utc_offset":"800","tot_call_durat":"1800","imei_id":"","callg_no":"","data_vlm_inpt_val":"0","data_vlm_otput_val":"0"}
,{"recd_seq":"CHNCTKORKF-7574377b-1ba7-4475-8c05-05c56d85cac8","call_type_id":"GPRS","imsi_id":"450087220136028","chage_id":"611743252","calld_no":"","local_time":"20190610061643","recd_utc_offset":"800","tot_call_durat":"1800","imei_id":"","callg_no":"","data_vlm_inpt_val":"105","data_vlm_otput_val":"173"}
,{"recd_seq":"CHNCTKORKF-7a0cfc60-1198-492b-a3a3-82afadb61a60","call_type_id":"GPRS","imsi_id":"450087220136028","chage_id":"766604844","calld_no":"","local_time":"20190610062928","recd_utc_offset":"800","tot_call_durat":"46","imei_id":"","callg_no":"","data_vlm_inpt_val":"10213172","data_vlm_otput_val":"272933"}
,{"recd_seq":"CHNCTKORKF-a05d0c6a-eab9-4e45-8041-f2c0e4ed337b","call_type_id":"GPRS","imsi_id":"450087220136028","chage_id":"766604844","calld_no":"","local_time":"20190610063057","recd_utc_offset":"800","tot_call_durat":"54","imei_id":"","callg_no":"","data_vlm_inpt_val":"10192190","data_vlm_otput_val":"293634"}
,{"recd_seq":"CHNCTKORKF-7b2abea1-aa12-4a34-98b4-2c0f9f53f828","call_type_id":"GPRS","imsi_id":"450087220136028","chage_id":"28404039","calld_no":"","local_time":"20190610055716","recd_utc_offset":"800","tot_call_durat":"1800","imei_id":"","callg_no":"","data_vlm_inpt_val":"0","data_vlm_otput_val":"0"}
,{"recd_seq":"CHNCTKORKF-535df0a2-8b7f-44c5-a2f1-d803453fded7","call_type_id":"GPRS","imsi_id":"450087220136028","chage_id":"129075874","calld_no":"","local_time":"20190610061513","recd_utc_offset":"800","tot_call_durat":"409","imei_id":"","callg_no":"","data_vlm_inpt_val":"17603","data_vlm_otput_val":"5162"}
,{"recd_seq":"CHNCTKORKF-718fd939-9d5b-47f0-bd5b-7359ccea5d2d","call_type_id":"GPRS","imsi_id":"450087220136028","chage_id":"766604844","calld_no":"","local_time":"20190610062830","recd_utc_offset":"800","tot_call_durat":"58","imei_id":"","callg_no":"","data_vlm_inpt_val":"10171496","data_vlm_otput_val":"314429"}
,{"recd_seq":"CHNCTKORKF-0b169321-2f66-413b-bcb2-ae9750d28a0d","call_type_id":"GPRS","imsi_id":"450087220136028","chage_id":"611745357","calld_no":"","local_time":"20190610061723","recd_utc_offset":"800","tot_call_durat":"1800","imei_id":"","callg_no":"","data_vlm_inpt_val":"53754","data_vlm_otput_val":"23273"}
,{"recd_seq":"CHNCTKORKF-a9f77ad7-1463-4793-b8bd-22b65146c093","call_type_id":"GPRS","imsi_id":"450087220136028","chage_id":"113948290","calld_no":"","local_time":"20190610060642","recd_utc_offset":"800","tot_call_durat":"1800","imei_id":"","callg_no":"","data_vlm_inpt_val":"0","data_vlm_otput_val":"0"}
,{"recd_seq":"CHNCTKORKF-f0597129-574e-4fa6-a621-d901cbe712f7","call_type_id":"GPRS","imsi_id":"450087220136028","chage_id":"1091105127","calld_no":"","local_time":"20190610055333","recd_utc_offset":"800","tot_call_durat":"1800","imei_id":"","callg_no":"","data_vlm_inpt_val":"315","data_vlm_otput_val":"289"}
,{"recd_seq":"CHNCTKORKF-7235eca5-eea0-4eb7-9e63-8c57cda0fc8c","call_type_id":"GPRS","imsi_id":"450087220136028","chage_id":"548507906","calld_no":"","local_time":"20190610053436","recd_utc_offset":"800","tot_call_durat":"1800","imei_id":"","callg_no":"","data_vlm_inpt_val":"59595","data_vlm_otput_val":"34055"}
,{"recd_seq":"CHNCTKORKF-523c7cb9-bf6d-4e31-96d3-5f1b0a8b6ebe","call_type_id":"GPRS","imsi_id":"450087220136028","chage_id":"298619170","calld_no":"","local_time":"20190610053740","recd_utc_offset":"800","tot_call_durat":"1800","imei_id":"","callg_no":"","data_vlm_inpt_val":"0","data_vlm_otput_val":"0"}
,{"recd_seq":"CHNCTKORKF-8633fc04-8e68-4f8f-af1e-189aef9b6069","call_type_id":"GPRS","imsi_id":"450087220136028","chage_id":"35709088","calld_no":"","local_time":"20190610061122","recd_utc_offset":"800","tot_call_durat":"1800","imei_id":"","callg_no":"","data_vlm_inpt_val":"0","data_vlm_otput_val":"0"}
,{"recd_seq":"CHNCTKORKF-2afa7e2c-d24f-4986-b26e-ac179bb5d449","call_type_id":"GPRS","imsi_id":"450087220136028","chage_id":"766604844","calld_no":"","local_time":"20190610063014","recd_utc_offset":"800","tot_call_durat":"43","imei_id":"","callg_no":"","data_vlm_inpt_val":"10219020","data_vlm_otput_val":"267544"}
,{"recd_seq":"CHNCTKORKF-71d2e47c-3315-4e0c-bc36-b09d957fc7cd","call_type_id":"GPRS","imsi_id":"450087220136028","chage_id":"824291317","calld_no":"","local_time":"20190610061607","recd_utc_offset":"800","tot_call_durat":"1800","imei_id":"","callg_no":"","data_vlm_inpt_val":"3397902","data_vlm_otput_val":"273140"}