{"recd_seq":"CHNCTKORKF-92f0006c-ce34-4dfc-82e4-0133d4b31207","call_type_id":"GPRS","imsi_id":"450087220136028","chage_id":"257411259","calld_no":"","local_time":"20190610054739","recd_utc_offset":"800","tot_call_durat":"1800","imei_id":"","callg_no":"","data_vlm_inpt_val":"0","data_vlm_otput_val":"0"}
,{"recd_seq":"CHNCTKORKF-a5cf6b74-5223-498a-9642-d68533a05ff6","call_type_id":"GPRS","imsi_id":"450087220136028","chage_id":"969637983","calld_no":"","local_time":"20190610054741","recd_utc_offset":"800","tot_call_durat":"1800","imei_id":"","callg_no":"","data_vlm_inpt_val":"0","data_vlm_otput_val":"0"}
,{"recd_seq":"CHNCTKORKF-b7c7940d-854c-4614-965c-3e6d5bbc5704","call_type_id":"GPRS","imsi_id":"450087220136028","chage_id":"936111630","calld_no":"","local_time":"20190610055741","recd_utc_offset":"800","tot_call_durat":"1800","imei_id":"","callg_no":"","data_vlm_inpt_val":"0","data_vlm_otput_val":"0"}
,{"recd_seq":"CHNCTKORKF-f31d5e04-5cc1-4a27-88fb-1c87850477bc","call_type_id":"GPRS","imsi_id":"450087220136028","chage_id":"393645426","calld_no":"","local_time":"20190610060150","recd_utc_offset":"800","tot_call_durat":"1800","imei_id":"","callg_no":"","data_vlm_inpt_val":"0","data_vlm_otput_val":"0"}
,{"recd_seq":"CHNCTKORKF-cebc4256-c0dd-483e-a833-ca5368431862","call_type_id":"GPRS","imsi_id":"450087220136028","chage_id":"766604844","calld_no":"","local_time":"20190610062423","recd_utc_offset":"800","tot_call_durat":"62","imei_id":"","callg_no":"","data_vlm_inpt_val":"10145505","data_vlm_otput_val":"341433"}
,{"recd_seq":"CHNCTKORKF-6c06d62d-cb9a-4bd6-a130-dc9afc9cba3d","call_type_id":"GPRS","imsi_id":"450087220136028","chage_id":"738649930","calld_no":"","local_time":"20190610055849","recd_utc_offset":"800","tot_call_durat":"1800","imei_id":"","callg_no":"","data_vlm_inpt_val":"0","data_vlm_otput_val":"0"}
,{"recd_seq":"CHNCTKORKF-f9e4631d-d766-40f9-8617-1ee8a3d368c5","call_type_id":"GPRS","imsi_id":"450087220136028","chage_id":"673265301","calld_no":"","local_time":"20190610054814","recd_utc_offset":"800","tot_call_durat":"1800","imei_id":"","callg_no":"","data_vlm_inpt_val":"0","data_vlm_otput_val":"0"}
,{"recd_seq":"CHNCTKORKF-8a0ebbef-4944-41dd-a9d9-d27d6f5ace0f","call_type_id":"GPRS","imsi_id":"450087220136028","chage_id":"673265444","calld_no":"","local_time":"20190610053620","recd_utc_offset":"800","tot_call_durat":"1800","imei_id":"","callg_no":"","data_vlm_inpt_val":"0","data_vlm_otput_val":"0"}
,{"recd_seq":"CHNCTKORKF-005bbbff-6a30-4043-944c-f796d6c293dd","call_type_id":"GPRS","imsi_id":"450087220136028","chage_id":"884053603","calld_no":"","local_time":"20190610054235","recd_utc_offset":"800","tot_call_durat":"1800","imei_id":"","callg_no":"","data_vlm_inpt_val":"735","data_vlm_otput_val":"848"}
,{"recd_seq":"CHNCTKORKF-0d453154-4865-499c-b62c-8ea17e0051d8","call_type_id":"GPRS","imsi_id":"450087220136028","chage_id":"587596235","calld_no":"","local_time":"20190610054729","recd_utc_offset":"800","tot_call_durat":"1800","imei_id":"","callg_no":"","data_vlm_inpt_val":"0","data_vlm_otput_val":"0"}
,{"recd_seq":"CHNCTKORKF-3a774e88-b669-4977-af3e-fc7ae26cf246","call_type_id":"GPRS","imsi_id":"450087220136028","chage_id":"941706087","calld_no":"","local_time":"20190610055835","recd_utc_offset":"800","tot_call_durat":"1800","imei_id":"","callg_no":"","data_vlm_inpt_val":"381799","data_vlm_otput_val":"161202"}
,{"recd_seq":"CHNCTKORKF-67fa6d55-95b1-4ef3-8b08-5a34aae91f57","call_type_id":"GPRS","imsi_id":"450087220136028","chage_id":"1008762786","calld_no":"","local_time":"20190610061155","recd_utc_offset":"800","tot_call_durat":"1800","imei_id":"","callg_no":"","data_vlm_inpt_val":"0","data_vlm_otput_val":"0"}
,{"recd_seq":"CHNCTKORKF-0ecce882-5c99-4b56-91c3-67f967981351","call_type_id":"GPRS","imsi_id":"450087220136028","chage_id":"220281517","calld_no":"","local_time":"20190610060345","recd_utc_offset":"800","tot_call_durat":"1800","imei_id":"","callg_no":"","data_vlm_inpt_val":"0","data_vlm_otput_val":"0"}
,{"recd_seq":"CHNCTKORKF-bc5c0e27-e68d-4ea8-b8e6-b3f4e0e468da","call_type_id":"GPRS","imsi_id":"450087220136028","chage_id":"576467513","calld_no":"","local_time":"20190610060510","recd_utc_offset":"800","tot_call_durat":"1800","imei_id":"","callg_no":"","data_vlm_inpt_val":"12031","data_vlm_otput_val":"4661"}
,{"recd_seq":"CHNCTKORKF-f5777c5f-2e28-45e1-9e38-21bf275169e9","call_type_id":"GPRS","imsi_id":"450087220136028","chage_id":"181112283","calld_no":"","local_time":"20190610054049","recd_utc_offset":"800","tot_call_durat":"1800","imei_id":"","callg_no":"","data_vlm_inpt_val":"0","data_vlm_otput_val":"0"}
,{"recd_seq":"CHNCTKORKF-f13d733e-1df3-48d3-95b0-20ec007e1f92","call_type_id":"GPRS","imsi_id":"450087220136028","chage_id":"175538166","calld_no":"","local_time":"20190610060922","recd_utc_offset":"800","tot_call_durat":"1800","imei_id":"","callg_no":"","data_vlm_inpt_val":"0","data_vlm_otput_val":"0"}
,{"recd_seq":"CHNCTKORKF-548a87db-e50b-4e0a-9e3d-e879a9edbd08","call_type_id":"GPRS","imsi_id":"450087220136028","chage_id":"757069627","calld_no":"","local_time":"20190610061433","recd_utc_offset":"800","tot_call_durat":"1800","imei_id":"","callg_no":"","data_vlm_inpt_val":"0","data_vlm_otput_val":"0"}
,{"recd_seq":"CHNCTKORKF-1c3ba2f6-a7c3-4209-a682-af23f1d9d951","call_type_id":"GPRS","imsi_id":"450087220136028","chage_id":"794566060","calld_no":"","local_time":"20190610061236","recd_utc_offset":"800","tot_call_durat":"1800","imei_id":"","callg_no":"","data_vlm_inpt_val":"0","data_vlm_otput_val":"0"}
,{"recd_seq":"CHNCTKORKF-8c47243f-8cab-49df-adcc-88e037b4f369","call_type_id":"GPRS","imsi_id":"450087220136028","chage_id":"850492338","calld_no":"","local_time":"20190610055814","recd_utc_offset":"800","tot_call_durat":"1800","imei_id":"","callg_no":"","data_vlm_inpt_val":"0","data_vlm_otput_val":"0"}
,{"recd_seq":"CHNCTKORKF-b0738627-d5e7-47fc-9a60-806757e54998","call_type_id":"GPRS","imsi_id":"450087220136028","chage_id":"885782104","calld_no":"","local_time":"20190610060543","recd_utc_offset":"800","tot_call_durat":"1800","imei_id":"","callg_no":"","data_vlm_inpt_val":"0","data_vlm_otput_val":"0"}
,{"recd_seq":"CHNCTKORKF-e7aa9b81-7476-467e-aff3-53155653d38e","call_type_id":"GPRS","imsi_id":"450087220136028","chage_id":"766604844","calld_no":"","local_time":"20190610062734","recd_utc_offset":"800","tot_call_durat":"56","imei_id":"","callg_no":"","data_vlm_inpt_val":"10181933","data_vlm_otput_val":"304339"}
,{"recd_seq":"CHNCTKORKF-ce5339fd-2fe7-415c-b7f1-347710e07f69","call_type_id":"GPRS","imsi_id":"450087220136028","chage_id":"1012680202","calld_no":"","local_time":"20190610054144","recd_utc_offset":"800","tot_call_durat":"1800","imei_id":"","callg_no":"","data_vlm_inpt_val":"0","data_vlm_otput_val":"0"}
,{"recd_seq":"CHNCTKORKF-d824e8c4-e7b0-48be-b498-4c9130f3cf99","call_type_id":"GPRS","imsi_id":"450087220136028","chage_id":"363977148","calld_no":"","local_time":"20190610055227","recd_utc_offset":"800","tot_call_durat":"1800","imei_id":"","callg_no":"","data_vlm_inpt_val":"369166","data_vlm_otput_val":"50933"}
,{"recd_seq":"CHNCTKORKF-f21e3d14-b07f-460c-8890-99018cd9b949","call_type_id":"GPRS","imsi_id":"450087220136028","chage_id":"58061221","calld_no":"","local_time":"20190610054242","recd_utc_offset":"800","tot_call_durat":"1800","imei_id":"","callg_no":"","data_vlm_inpt_val":"1263","data_vlm_otput_val":"1607"}
,{"recd_seq":"CHNCTKORKF-2012f796-865b-4ea8-b673-f77d6982f9a8","call_type_id":"GPRS","imsi_id":"450087220136028","chage_id":"481387422","calld_no":"","local_time":"20190610054455","recd_utc_offset":"800","tot_call_durat":"1800","imei_id":"","callg_no":"","data_vlm_inpt_val":"0","data_vlm_otput_val":"0"}
,{"recd_seq":"CHNCTKORKF-b3d4f1a2-c1de-45c3-8c3e-8cd78be62698","call_type_id":"GPRS","imsi_id":"450087220136028","chage_id":"179309111","calld_no":"","local_time":"20190610055430","recd_utc_offset":"800","tot_call_durat":"1800","imei_id":"","callg_no":"","data_vlm_inpt_val":"0","data_vlm_otput_val":"0"}
,{"recd_seq":"CHNCTKORKF-f98ae76c-35cb-46c6-a717-0fa8c8b45b7d","call_type_id":"GPRS","imsi_id":"450087220136028","chage_id":"179309113","calld_no":"","local_time":"20190610055430","recd_utc_offset":"800","tot_call_durat":"1800","imei_id":"","callg_no":"","data_vlm_inpt_val":"0","data_vlm_otput_val":"0"}
,{"recd_seq":"CHNCTKORKF-c4c420af-4fab-46c2-9da9-b601bab3af1f","call_type_id":"GPRS","imsi_id":"450087220136028","chage_id":"1887899968","calld_no":"","local_time":"20190610064947","recd_utc_offset":"800","tot_call_durat":"189","imei_id":"3554090721918630","callg_no":"","data_vlm_inpt_val":"0","data_vlm_otput_val":"274"}
,{"recd_seq":"CHNCTKORKF-e84780bc-a75f-4f36-9457-c54fb839ef1f","call_type_id":"GPRS","imsi_id":"450087220136028","chage_id":"663062360","calld_no":"","local_time":"20190610063000","recd_utc_offset":"800","tot_call_durat":"1800","imei_id":"3567690855779610","callg_no":"","data_vlm_inpt_val":"719","data_vlm_otput_val":"1035"}
,{"recd_seq":"CHNCTKORKF-0146a21c-72c9-4a2a-a8bf-a99886775194","call_type_id":"GPRS","imsi_id":"450087220136028","chage_id":"629698582","calld_no":"","local_time":"20190610065850","recd_utc_offset":"800","tot_call_durat":"70","imei_id":"3583340807056600","callg_no":"","data_vlm_inpt_val":"2874","data_vlm_otput_val":"3100"}
,{"recd_seq":"CHNCTKORKF-efa204b0-5191-4b63-ba69-7ce6d2fb0b32","call_type_id":"GPRS","imsi_id":"450087220136028","chage_id":"1443397703","calld_no":"","local_time":"20190610065603","recd_utc_offset":"800","tot_call_durat":"19","imei_id":"3583340865605900","callg_no":"","data_vlm_inpt_val":"100123","data_vlm_otput_val":"28296"}
,{"recd_seq":"CHNCTKORKF-090e1270-2ed2-40d6-a16b-4a1529294170","call_type_id":"GPRS","imsi_id":"450087220136028","chage_id":"1443397703","calld_no":"","local_time":"20190610065622","recd_utc_offset":"800","tot_call_durat":"7","imei_id":"3583340865605900","callg_no":"","data_vlm_inpt_val":"3143","data_vlm_otput_val":"11748"}
,{"recd_seq":"CHNCTKORKF-97ad402b-7af8-41a7-9c97-7273ccfa7575","call_type_id":"GPRS","imsi_id":"450087220136028","chage_id":"1443397703","calld_no":"","local_time":"20190610065629","recd_utc_offset":"800","tot_call_durat":"12","imei_id":"3583340865605900","callg_no":"","data_vlm_inpt_val":"6693","data_vlm_otput_val":"10592"}
,{"recd_seq":"CHNCTKORKF-0a3918b1-54a1-4442-972b-868ba8cb6e75","call_type_id":"GPRS","imsi_id":"450087220136028","chage_id":"1443397703","calld_no":"","local_time":"20190610065641","recd_utc_offset":"800","tot_call_durat":"0","imei_id":"3583340865605900","callg_no":"","data_vlm_inpt_val":"10677","data_vlm_otput_val":"4274"}
,{"recd_seq":"CHNCTKORKF-db291eb5-f2a7-4357-8014-f41573211fcc","call_type_id":"GPRS","imsi_id":"450087220136028","chage_id":"1443397703","calld_no":"","local_time":"20190610065644","recd_utc_offset":"800","tot_call_durat":"22","imei_id":"3583340865605900","callg_no":"","data_vlm_inpt_val":"620491","data_vlm_otput_val":"74060"}
,{"recd_seq":"CHNCTKORKF-421eeee2-ee9d-4b0a-8a6b-fdd5925e0a33","call_type_id":"GPRS","imsi_id":"450087220136028","chage_id":"2302162505","calld_no":"","local_time":"20190610063529","recd_utc_offset":"800","tot_call_durat":"1385","imei_id":"3572910981511700","callg_no":"","data_vlm_inpt_val":"10415","data_vlm_otput_val":"4577"}
,{"recd_seq":"CHNCTKORKF-3f8d6b3f-0776-4fd9-8ff5-ae890c4f4b36","call_type_id":"GPRS","imsi_id":"450087220136028","chage_id":"2251458657","calld_no":"","local_time":"20190610070000","recd_utc_offset":"800","tot_call_durat":"96","imei_id":"8646520335302000","callg_no":"","data_vlm_inpt_val":"232424","data_vlm_otput_val":"216278"}
,{"recd_seq":"CHNCTKORKF-b9b76ab3-0625-497c-8540-52be164a3fb2","call_type_id":"GPRS","imsi_id":"450087220136028","chage_id":"1887899968","calld_no":"","local_time":"20190610065317","recd_utc_offset":"800","tot_call_durat":"3","imei_id":"3554090721918630","callg_no":"","data_vlm_inpt_val":"60","data_vlm_otput_val":"874"}
,{"recd_seq":"CHNCTKORKF-30440a76-29f1-4619-ab52-f415805bca2b","call_type_id":"GPRS","imsi_id":"450087220136028","chage_id":"1149868148","calld_no":"","local_time":"20190610065338","recd_utc_offset":"800","tot_call_durat":"47","imei_id":"3583340825177500","callg_no":"","data_vlm_inpt_val":"482728","data_vlm_otput_val":"275468"}
,{"recd_seq":"CHNCTKORKF-055fc9ea-c35d-4548-88eb-39706042e0ab","call_type_id":"GPRS","imsi_id":"450087220136028","chage_id":"962152755","calld_no":"","local_time":"20190610062943","recd_utc_offset":"800","tot_call_durat":"1800","imei_id":"3571750950171200","callg_no":"","data_vlm_inpt_val":"1018","data_vlm_otput_val":"2326"}
,{"recd_seq":"CHNCTKORKF-75c119fe-fbef-43c3-8ce5-37e13a5494f2","call_type_id":"GPRS","imsi_id":"450087220136028","chage_id":"1443397703","calld_no":"","local_time":"20190610065706","recd_utc_offset":"800","tot_call_durat":"70","imei_id":"3583340865605900","callg_no":"","data_vlm_inpt_val":"68521","data_vlm_otput_val":"57282"}
,{"recd_seq":"CHNCTKORKF-6942be37-3c14-48f7-99fc-edfca9b0ba4e","call_type_id":"GPRS","imsi_id":"450087220136028","chage_id":"1443397703","calld_no":"","local_time":"20190610065816","recd_utc_offset":"800","tot_call_durat":"15","imei_id":"3583340865605900","callg_no":"","data_vlm_inpt_val":"28399","data_vlm_otput_val":"18581"}
,{"recd_seq":"CHNCTKORKF-663e48c4-05e9-4446-b9b9-1750da1b5cf7","call_type_id":"GPRS","imsi_id":"450087220136028","chage_id":"1443397703","calld_no":"","local_time":"20190610065831","recd_utc_offset":"800","tot_call_durat":"4","imei_id":"3583340865605900","callg_no":"","data_vlm_inpt_val":"2278","data_vlm_otput_val":"6633"}
,{"recd_seq":"CHNCTKORKF-c7fa8e17-15ee-4d94-908d-2f33c38c4ad2","call_type_id":"GPRS","imsi_id":"450087220136028","chage_id":"1443397703","calld_no":"","local_time":"20190610065835","recd_utc_offset":"800","tot_call_durat":"14","imei_id":"3583340865605900","callg_no":"","data_vlm_inpt_val":"7881","data_vlm_otput_val":"9953"}
,{"recd_seq":"CHNCTKORKF-8fddd67c-3c0d-46ee-9fb8-07bba1568169","call_type_id":"GPRS","imsi_id":"450087220136028","chage_id":"1443397703","calld_no":"","local_time":"20190610065849","recd_utc_offset":"800","tot_call_durat":"4","imei_id":"3583340865605900","callg_no":"","data_vlm_inpt_val":"6777","data_vlm_otput_val":"4099"}
,{"recd_seq":"CHNCTKORKF-4850075d-378c-4d23-bc72-045b358c00c7","call_type_id":"GPRS","imsi_id":"450087220136028","chage_id":"1670873635","calld_no":"","local_time":"20190610062924","recd_utc_offset":"800","tot_call_durat":"1800","imei_id":"3572990932493800","callg_no":"","data_vlm_inpt_val":"6093","data_vlm_otput_val":"48894"}
,{"recd_seq":"CHNCTKORKF-a26ce2a1-a409-4942-bd3e-4cc5cd6dd9c0","call_type_id":"GPRS","imsi_id":"450087220136028","chage_id":"580192565","calld_no":"","local_time":"20190610065254","recd_utc_offset":"800","tot_call_durat":"421","imei_id":"3583340863500700","callg_no":"","data_vlm_inpt_val":"2366850","data_vlm_otput_val":"459734"}
,{"recd_seq":"CHNCTKORKF-0e0802a3-4da6-4277-80c2-1ad2b15d5844","call_type_id":"GPRS","imsi_id":"450087220136028","chage_id":"1149868148","calld_no":"","local_time":"20190610065443","recd_utc_offset":"800","tot_call_durat":"36","imei_id":"3583340825177500","callg_no":"","data_vlm_inpt_val":"8501","data_vlm_otput_val":"16809"}
,{"recd_seq":"CHNCTKORKF-101e05b5-23fb-4ffb-9291-e7cb31211f53","call_type_id":"GPRS","imsi_id":"450087220136028","chage_id":"629698582","calld_no":"","local_time":"20190610070000","recd_utc_offset":"800","tot_call_durat":"166","imei_id":"3583340807056600","callg_no":"","data_vlm_inpt_val":"3403273","data_vlm_otput_val":"396535"}
,{"recd_seq":"CHNCTKORKF-69bd8761-d7ef-480c-9369-0e747120fc04","call_type_id":"GPRS","imsi_id":"450087220136028","chage_id":"425812632","calld_no":"","local_time":"20190610070135","recd_utc_offset":"800","tot_call_durat":"12","imei_id":"3583340825177500","callg_no":"","data_vlm_inpt_val":"53545","data_vlm_otput_val":"40377"}
,{"recd_seq":"CHNCTKORKF-b5336e86-aa91-4594-8252-7660b514e5d2","call_type_id":"GPRS","imsi_id":"450087220136028","chage_id":"1443397703","calld_no":"","local_time":"20190610065856","recd_utc_offset":"800","tot_call_durat":"17","imei_id":"3583340865605900","callg_no":"","data_vlm_inpt_val":"102660","data_vlm_otput_val":"57831"}
,{"recd_seq":"CHNCTKORKF-6719d29e-4023-4e5c-8dba-7b53cfacb3ff","call_type_id":"GPRS","imsi_id":"450087220136028","chage_id":"1611097875","calld_no":"","local_time":"20190610065427","recd_utc_offset":"800","tot_call_durat":"333","imei_id":"3583340817439000","callg_no":"","data_vlm_inpt_val":"3050","data_vlm_otput_val":"3121"}
,{"recd_seq":"CHNCTKORKF-45ca3283-fe2f-4af3-b26e-374caaf24834","call_type_id":"GPRS","imsi_id":"450087220136028","chage_id":"1443397703","calld_no":"","local_time":"20190610065913","recd_utc_offset":"800","tot_call_durat":"47","imei_id":"3583340865605900","callg_no":"","data_vlm_inpt_val":"31079","data_vlm_otput_val":"37083"}
,{"recd_seq":"CHNCTKORKF-67f18f9f-0fd8-4aaa-b3d6-f167f2b71752","call_type_id":"GPRS","imsi_id":"450087220136028","chage_id":"1443397703","calld_no":"","local_time":"20190610070000","recd_utc_offset":"800","tot_call_durat":"39","imei_id":"3583340865605900","callg_no":"","data_vlm_inpt_val":"75049","data_vlm_otput_val":"22078"}
,{"recd_seq":"CHNCTKORKF-68405991-5302-4831-9f3c-dbfea51840d4","call_type_id":"GPRS","imsi_id":"450087220136028","chage_id":"580192565","calld_no":"","local_time":"20190610065955","recd_utc_offset":"800","tot_call_durat":"5","imei_id":"3583340863500700","callg_no":"","data_vlm_inpt_val":"105","data_vlm_otput_val":"40"}
,{"recd_seq":"CHNCTKORKF-556e7264-a55a-4e80-bdb7-b08bce43502d","call_type_id":"GPRS","imsi_id":"450087220136028","chage_id":"1149868148","calld_no":"","local_time":"20190610065708","recd_utc_offset":"800","tot_call_durat":"3","imei_id":"3583340825177500","callg_no":"","data_vlm_inpt_val":"4739","data_vlm_otput_val":"4266"}
,{"recd_seq":"CHNCTKORKF-513759ac-7b17-445e-adcb-d276ca5cc679","call_type_id":"GPRS","imsi_id":"450087220136028","chage_id":"1149868148","calld_no":"","local_time":"20190610065816","recd_utc_offset":"800","tot_call_durat":"16","imei_id":"3583340825177500","callg_no":"","data_vlm_inpt_val":"190407","data_vlm_otput_val":"27684"}
,{"recd_seq":"CHNCTKORKF-338aa547-e1d4-438f-8429-3d463ce13f55","call_type_id":"GPRS","imsi_id":"450087220136028","chage_id":"2302162505","calld_no":"","local_time":"20190610065834","recd_utc_offset":"800","tot_call_durat":"12","imei_id":"3572910981511700","callg_no":"","data_vlm_inpt_val":"40","data_vlm_otput_val":"40"}
,{"recd_seq":"CHNCTKORKF-4de06574-6557-412f-92e9-b58cb525a572","call_type_id":"GPRS","imsi_id":"450087220136028","chage_id":"1443397703","calld_no":"","local_time":"20190610070039","recd_utc_offset":"800","tot_call_durat":"13","imei_id":"3583340865605900","callg_no":"","data_vlm_inpt_val":"6832","data_vlm_otput_val":"10338"}
,{"recd_seq":"CHNCTKORKF-b7a98f9c-d6b1-4685-87c0-6d14c6f93858","call_type_id":"GPRS","imsi_id":"450087220136028","chage_id":"1443397703","calld_no":"","local_time":"20190610070052","recd_utc_offset":"800","tot_call_durat":"5","imei_id":"3583340865605900","callg_no":"","data_vlm_inpt_val":"6727","data_vlm_otput_val":"1633"}
,{"recd_seq":"CHNCTKORKF-2c6eb502-e953-4a5c-a3b0-eb2b88db9e3d","call_type_id":"GPRS","imsi_id":"450087220136028","chage_id":"1887899968","calld_no":"","local_time":"20190610065758","recd_utc_offset":"800","tot_call_durat":"122","imei_id":"3554090721918630","callg_no":"","data_vlm_inpt_val":"0","data_vlm_otput_val":"548"}
,{"recd_seq":"CHNCTKORKF-dbc54c9a-760a-470b-94e6-cf4c077f8e02","call_type_id":"GPRS","imsi_id":"450087220136028","chage_id":"1443397703","calld_no":"","local_time":"20190610070057","recd_utc_offset":"800","tot_call_durat":"27","imei_id":"3583340865605900","callg_no":"","data_vlm_inpt_val":"17948","data_vlm_otput_val":"29388"}
,{"recd_seq":"CHNCTKORKF-9c5659e1-2233-4b85-8d8a-2c04a12bee7b","call_type_id":"GPRS","imsi_id":"450087220136028","chage_id":"1443397703","calld_no":"","local_time":"20190610070124","recd_utc_offset":"800","tot_call_durat":"2","imei_id":"3583340865605900","callg_no":"","data_vlm_inpt_val":"1006","data_vlm_otput_val":"132"}
,{"recd_seq":"CHNCTKORKF-d3a117c3-eec3-430b-aea2-67cacaefeb8e","call_type_id":"GPRS","imsi_id":"450087220136028","chage_id":"1443397703","calld_no":"","local_time":"20190610070126","recd_utc_offset":"800","tot_call_durat":"9","imei_id":"3583340865605900","callg_no":"","data_vlm_inpt_val":"8460","data_vlm_otput_val":"5705"}
,{"recd_seq":"CHNCTKORKF-2c991465-1c46-45df-9e0a-ef6b58c81541","call_type_id":"GPRS","imsi_id":"450087220136028","chage_id":"2251458657","calld_no":"","local_time":"20190610064416","recd_utc_offset":"800","tot_call_durat":"857","imei_id":"8646520335302000","callg_no":"","data_vlm_inpt_val":"603699","data_vlm_otput_val":"69637"}
,{"recd_seq":"CHNCTKORKF-e5ce5324-152f-4dfc-837c-0f0ff4a006e4","call_type_id":"GPRS","imsi_id":"450087220136028","chage_id":"580192565","calld_no":"","local_time":"20190610070000","recd_utc_offset":"800","tot_call_durat":"67","imei_id":"3583340863500700","callg_no":"","data_vlm_inpt_val":"12119","data_vlm_otput_val":"10998"}
,{"recd_seq":"CHNCTKORKF-a23c94a3-096a-4dc9-978b-5581b96130d5","call_type_id":"GPRS","imsi_id":"450087220136028","chage_id":"1443397703","calld_no":"","local_time":"20190610064620","recd_utc_offset":"800","tot_call_durat":"115","imei_id":"3583340865605900","callg_no":"","data_vlm_inpt_val":"112216","data_vlm_otput_val":"71651"}
,{"recd_seq":"CHNCTKORKF-ed933af0-47a9-4e43-b93f-832802aae90d","call_type_id":"GPRS","imsi_id":"450087220136028","chage_id":"2251458657","calld_no":"","local_time":"20190610065833","recd_utc_offset":"800","tot_call_durat":"87","imei_id":"8646520335302000","callg_no":"","data_vlm_inpt_val":"1414","data_vlm_otput_val":"2021"}
,{"recd_seq":"CHNCTKORKF-bd9481b4-f6c7-4cd1-8363-e68af3d9d9fc","call_type_id":"GPRS","imsi_id":"450087220136028","chage_id":"2154989593","calld_no":"","local_time":"20190610070247","recd_utc_offset":"800","tot_call_durat":"5","imei_id":"3583340825177500","callg_no":"","data_vlm_inpt_val":"91623","data_vlm_otput_val":"5134"}
,{"recd_seq":"CHNCTKORKF-5f11c363-e177-462d-88e7-f4c7127e85f2","call_type_id":"GPRS","imsi_id":"450087220136028","chage_id":"1887899968","calld_no":"","local_time":"20190610070003","recd_utc_offset":"800","tot_call_durat":"198","imei_id":"3554090721918630","callg_no":"","data_vlm_inpt_val":"0","data_vlm_otput_val":"274"}
,{"recd_seq":"CHNCTKORKF-6568389e-43b6-4b0f-ace3-19819355da66","call_type_id":"GPRS","imsi_id":"450087220136028","chage_id":"2154989593","calld_no":"","local_time":"20190610070317","recd_utc_offset":"800","tot_call_durat":"15","imei_id":"3583340825177500","callg_no":"","data_vlm_inpt_val":"0","data_vlm_otput_val":"242"}
,{"recd_seq":"CHNCTKORKF-a6950553-7820-4a6a-acd4-7d4cee023851","call_type_id":"GPRS","imsi_id":"450087220136028","chage_id":"2154989593","calld_no":"","local_time":"20190610070332","recd_utc_offset":"800","tot_call_durat":"0","imei_id":"3583340825177500","callg_no":"","data_vlm_inpt_val":"1016","data_vlm_otput_val":"334"}
,{"recd_seq":"CHNCTKORKF-46eedd29-df96-44a3-9ca4-830b9ae477d6","call_type_id":"GPRS","imsi_id":"450087220136028","chage_id":"962334364","calld_no":"","local_time":"20190610063934","recd_utc_offset":"800","tot_call_durat":"1800","imei_id":"13729001802590","callg_no":"","data_vlm_inpt_val":"27401","data_vlm_otput_val":"106311"}
,{"recd_seq":"CHNCTKORKF-63e3f9ba-37f9-4114-82b1-6ed4744ded39","call_type_id":"GPRS","imsi_id":"450087220136028","chage_id":"857801669","calld_no":"","local_time":"20190610070223","recd_utc_offset":"800","tot_call_durat":"9","imei_id":"358334083057700","callg_no":"","data_vlm_inpt_val":"0","data_vlm_otput_val":"0"}
,{"recd_seq":"CHNCTKORKF-d12820ec-e84a-4cd3-bdb3-7eea3c29031c","call_type_id":"GPRS","imsi_id":"450087220136028","chage_id":"1443397703","calld_no":"","local_time":"20190610064815","recd_utc_offset":"800","tot_call_durat":"71","imei_id":"3583340865605900","callg_no":"","data_vlm_inpt_val":"537","data_vlm_otput_val":"673"}
,{"recd_seq":"CHNCTKORKF-9c81261c-8682-46d6-b03c-0c427b21bb75","call_type_id":"GPRS","imsi_id":"450087220136028","chage_id":"1443397703","calld_no":"","local_time":"20190610064926","recd_utc_offset":"800","tot_call_durat":"30","imei_id":"3583340865605900","callg_no":"","data_vlm_inpt_val":"182244","data_vlm_otput_val":"63957"}
,{"recd_seq":"CHNCTKORKF-34b26e2a-2b46-4a74-bd04-3e7fa828ce8c","call_type_id":"GPRS","imsi_id":"450087220136028","chage_id":"1443397703","calld_no":"","local_time":"20190610064956","recd_utc_offset":"800","tot_call_durat":"26","imei_id":"3583340865605900","callg_no":"","data_vlm_inpt_val":"23240","data_vlm_otput_val":"4071"}
,{"recd_seq":"CHNCTKORKF-49290879-a6f7-4a09-9898-15933e51b241","call_type_id":"GPRS","imsi_id":"450087220136028","chage_id":"1443397703","calld_no":"","local_time":"20190610065022","recd_utc_offset":"800","tot_call_durat":"4","imei_id":"3583340865605900","callg_no":"","data_vlm_inpt_val":"194686","data_vlm_otput_val":"53579"}
,{"recd_seq":"CHNCTKORKF-56197ca2-f58d-499e-81c9-8af0f3128cab","call_type_id":"GPRS","imsi_id":"450087220136028","chage_id":"1443397703","calld_no":"","local_time":"20190610065026","recd_utc_offset":"800","tot_call_durat":"27","imei_id":"3583340865605900","callg_no":"","data_vlm_inpt_val":"678443","data_vlm_otput_val":"320432"}
,{"recd_seq":"CHNCTKORKF-8519692b-135f-48ac-973d-3e7effe5b822","call_type_id":"GPRS","imsi_id":"450087220136028","chage_id":"1443397703","calld_no":"","local_time":"20190610065053","recd_utc_offset":"800","tot_call_durat":"55","imei_id":"3583340865605900","callg_no":"","data_vlm_inpt_val":"2713201","data_vlm_otput_val":"637820"}
,{"recd_seq":"CHNCTKORKF-828a2c61-9610-4bf7-92be-9d7d1513f467","call_type_id":"GPRS","imsi_id":"450087220136028","chage_id":"1443397703","calld_no":"","local_time":"20190610065148","recd_utc_offset":"800","tot_call_durat":"27","imei_id":"3583340865605900","callg_no":"","data_vlm_inpt_val":"8952610","data_vlm_otput_val":"346510"}
,{"recd_seq":"CHNCTKORKF-b764eb05-5922-4284-b591-e49ecd944597","call_type_id":"GPRS","imsi_id":"450087220136028","chage_id":"1887899968","calld_no":"","local_time":"20190610064742","recd_utc_offset":"800","tot_call_durat":"63","imei_id":"3554090721918630","callg_no":"","data_vlm_inpt_val":"0","data_vlm_otput_val":"274"}
,{"recd_seq":"CHNCTKORKF-d3b2a71c-1491-4ac6-9f53-7f76ae824967","call_type_id":"GPRS","imsi_id":"450087220136028","chage_id":"580192565","calld_no":"","local_time":"20190610064619","recd_utc_offset":"800","tot_call_durat":"171","imei_id":"3583340863500700","callg_no":"","data_vlm_inpt_val":"1307685","data_vlm_otput_val":"397060"}
,{"recd_seq":"CHNCTKORKF-60b0f984-21d9-480a-b0d1-72c4d7a22fcf","call_type_id":"GPRS","imsi_id":"450087220136028","chage_id":"1611097875","calld_no":"","local_time":"20190610064816","recd_utc_offset":"800","tot_call_durat":"13","imei_id":"3583340817439000","callg_no":"","data_vlm_inpt_val":"10546","data_vlm_otput_val":"2320"}
,{"recd_seq":"CHNCTKORKF-2d385433-a94b-4f18-9f26-62045278bbd9","call_type_id":"GPRS","imsi_id":"450087220136028","chage_id":"1611097875","calld_no":"","local_time":"20190610064829","recd_utc_offset":"800","tot_call_durat":"102","imei_id":"3583340817439000","callg_no":"","data_vlm_inpt_val":"52","data_vlm_otput_val":"141"}
,{"recd_seq":"CHNCTKORKF-be09e6c4-efa7-420e-bce5-71b00ad5d3cb","call_type_id":"GPRS","imsi_id":"450087220136028","chage_id":"629698582","calld_no":"","local_time":"20190610062331","recd_utc_offset":"800","tot_call_durat":"1685","imei_id":"3583340807056600","callg_no":"","data_vlm_inpt_val":"462146","data_vlm_otput_val":"189752"}
,{"recd_seq":"CHNCTKORKF-2c47bc75-db70-4739-b30b-395198c5c376","call_type_id":"GPRS","imsi_id":"450087220136028","chage_id":"629698582","calld_no":"","local_time":"20190610065136","recd_utc_offset":"800","tot_call_durat":"13","imei_id":"3583340807056600","callg_no":"","data_vlm_inpt_val":"29879","data_vlm_otput_val":"33586"}
,{"recd_seq":"CHNCTKORKF-756f47a6-8e94-42df-bdd0-3be5101a94a4","call_type_id":"GPRS","imsi_id":"450087220136028","chage_id":"1443397703","calld_no":"","local_time":"20190610065215","recd_utc_offset":"800","tot_call_durat":"5","imei_id":"3583340865605900","callg_no":"","data_vlm_inpt_val":"105994","data_vlm_otput_val":"67065"}
,{"recd_seq":"CHNCTKORKF-07730554-cb8a-42ec-89a5-e775f8fedd98","call_type_id":"GPRS","imsi_id":"450087220136028","chage_id":"1443397703","calld_no":"","local_time":"20190610065220","recd_utc_offset":"800","tot_call_durat":"2","imei_id":"3583340865605900","callg_no":"","data_vlm_inpt_val":"29062","data_vlm_otput_val":"19906"}
,{"recd_seq":"CHNCTKORKF-87e2f10a-f788-439d-882e-faa8be3c4854","call_type_id":"GPRS","imsi_id":"450087220136028","chage_id":"1443397703","calld_no":"","local_time":"20190610065222","recd_utc_offset":"800","tot_call_durat":"4","imei_id":"3583340865605900","callg_no":"","data_vlm_inpt_val":"15891","data_vlm_otput_val":"34188"}
,{"recd_seq":"CHNCTKORKF-c90df8be-5a9a-4e99-b8a6-2886a0834fc9","call_type_id":"GPRS","imsi_id":"450087220136028","chage_id":"1443397703","calld_no":"","local_time":"20190610065226","recd_utc_offset":"800","tot_call_durat":"4","imei_id":"3583340865605900","callg_no":"","data_vlm_inpt_val":"43774","data_vlm_otput_val":"41275"}
,{"recd_seq":"CHNCTKORKF-fec7e12e-c533-4f8b-812f-594d9a78f6f3","call_type_id":"GPRS","imsi_id":"450087220136028","chage_id":"629698582","calld_no":"","local_time":"20190610065149","recd_utc_offset":"800","tot_call_durat":"212","imei_id":"3583340807056600","callg_no":"","data_vlm_inpt_val":"38011","data_vlm_otput_val":"21057"}
,{"recd_seq":"CHNCTKORKF-77c19cac-65fe-49ad-ae9d-eb039dec7494","call_type_id":"GPRS","imsi_id":"450087220136028","chage_id":"629698582","calld_no":"","local_time":"20190610065521","recd_utc_offset":"800","tot_call_durat":"52","imei_id":"3583340807056600","callg_no":"","data_vlm_inpt_val":"6940","data_vlm_otput_val":"4204"}
,{"recd_seq":"CHNCTKORKF-718975d7-7ee3-474d-9a93-3467610a8a43","call_type_id":"GPRS","imsi_id":"450087220136028","chage_id":"1443397703","calld_no":"","local_time":"20190610065230","recd_utc_offset":"800","tot_call_durat":"23","imei_id":"3583340865605900","callg_no":"","data_vlm_inpt_val":"316443","data_vlm_otput_val":"161704"}
,{"recd_seq":"CHNCTKORKF-c61a4731-642f-49b3-b934-c3b9b50055c3","call_type_id":"GPRS","imsi_id":"450087220136028","chage_id":"1443397703","calld_no":"","local_time":"20190610065253","recd_utc_offset":"800","tot_call_durat":"7","imei_id":"3583340865605900","callg_no":"","data_vlm_inpt_val":"13883","data_vlm_otput_val":"14514"}
,{"recd_seq":"CHNCTKORKF-f71df3d9-3c72-45fd-a93c-4fbecd4daeea","call_type_id":"GPRS","imsi_id":"450087220136028","chage_id":"1443397703","calld_no":"","local_time":"20190610065300","recd_utc_offset":"800","tot_call_durat":"7","imei_id":"3583340865605900","callg_no":"","data_vlm_inpt_val":"1929","data_vlm_otput_val":"5777"}
,{"recd_seq":"CHNCTKORKF-40d6cf08-7e16-4e1f-a16b-362f2ead3bae","call_type_id":"GPRS","imsi_id":"450087220136028","chage_id":"580192565","calld_no":"","local_time":"20190610064910","recd_utc_offset":"800","tot_call_durat":"224","imei_id":"3583340863500700","callg_no":"","data_vlm_inpt_val":"13435","data_vlm_otput_val":"19095"}
,{"recd_seq":"CHNCTKORKF-5c3f921f-416e-44da-9198-b5772eafcae9","call_type_id":"GPRS","imsi_id":"450087220136028","chage_id":"1887899968","calld_no":"","local_time":"20190610065256","recd_utc_offset":"800","tot_call_durat":"21","imei_id":"3554090721918630","callg_no":"","data_vlm_inpt_val":"0","data_vlm_otput_val":"378"}
,{"recd_seq":"CHNCTKORKF-09cc431e-ea2a-4b14-93f9-8628248da381","call_type_id":"GPRS","imsi_id":"450087220136028","chage_id":"1611097875","calld_no":"","local_time":"20190610065424","recd_utc_offset":"800","tot_call_durat":"3","imei_id":"3583340817439000","callg_no":"","data_vlm_inpt_val":"3583","data_vlm_otput_val":"3678"}
,{"recd_seq":"CHNCTKORKF-e050fc99-a064-4f60-bed5-b5240e839c07","call_type_id":"GPRS","imsi_id":"450087220136028","chage_id":"629698582","calld_no":"","local_time":"20190610065613","recd_utc_offset":"800","tot_call_durat":"72","imei_id":"3583340807056600","callg_no":"","data_vlm_inpt_val":"186459","data_vlm_otput_val":"232717"}
,{"recd_seq":"CHNCTKORKF-a4a940d6-a98d-433c-a53e-da573018e43e","call_type_id":"GPRS","imsi_id":"450087220136028","chage_id":"629698582","calld_no":"","local_time":"20190610065726","recd_utc_offset":"800","tot_call_durat":"1","imei_id":"3583340807056600","callg_no":"","data_vlm_inpt_val":"135","data_vlm_otput_val":"0"}
,{"recd_seq":"CHNCTKORKF-6600d056-0fb3-4a67-8258-5320de4a7ff2","call_type_id":"GPRS","imsi_id":"450087220136028","chage_id":"629698582","calld_no":"","local_time":"20190610065727","recd_utc_offset":"800","tot_call_durat":"1","imei_id":"3583340807056600","callg_no":"","data_vlm_inpt_val":"322","data_vlm_otput_val":"220"}
,{"recd_seq":"CHNCTKORKF-1ca38f7f-beb4-4d9a-bdd8-b6eebed509ac","call_type_id":"GPRS","imsi_id":"450087220136028","chage_id":"629698582","calld_no":"","local_time":"20190610065728","recd_utc_offset":"800","tot_call_durat":"21","imei_id":"3583340807056600","callg_no":"","data_vlm_inpt_val":"26781","data_vlm_otput_val":"31018"}
,{"recd_seq":"CHNCTKORKF-b2f45061-de32-45a5-800d-153ca307c2ad","call_type_id":"GPRS","imsi_id":"450087220136028","chage_id":"1611097875","calld_no":"","local_time":"20190610065011","recd_utc_offset":"800","tot_call_durat":"253","imei_id":"3583340817439000","callg_no":"","data_vlm_inpt_val":"5685","data_vlm_otput_val":"2698"}
,{"recd_seq":"CHNCTKORKF-78e0b437-6f2c-4f4a-a82d-63524473e728","call_type_id":"GPRS","imsi_id":"450087220136028","chage_id":"1443397703","calld_no":"","local_time":"20190610065307","recd_utc_offset":"800","tot_call_durat":"38","imei_id":"3583340865605900","callg_no":"","data_vlm_inpt_val":"40543","data_vlm_otput_val":"59846"}
,{"recd_seq":"CHNCTKORKF-38b15354-0c9f-40a5-91b8-80423c1b7a5c","call_type_id":"GPRS","imsi_id":"450087220136028","chage_id":"1443397703","calld_no":"","local_time":"20190610065345","recd_utc_offset":"800","tot_call_durat":"4","imei_id":"3583340865605900","callg_no":"","data_vlm_inpt_val":"1076","data_vlm_otput_val":"3030"}
,{"recd_seq":"CHNCTKORKF-868b7cd2-8aa6-4716-b722-d7fa83f914ad","call_type_id":"GPRS","imsi_id":"450087220136028","chage_id":"1443397703","calld_no":"","local_time":"20190610065349","recd_utc_offset":"800","tot_call_durat":"15","imei_id":"3583340865605900","callg_no":"","data_vlm_inpt_val":"9128","data_vlm_otput_val":"8457"}
,{"recd_seq":"CHNCTKORKF-3d09d5ae-17d0-409e-a75a-348abde5588d","call_type_id":"GPRS","imsi_id":"450087220136028","chage_id":"1443397703","calld_no":"","local_time":"20190610065404","recd_utc_offset":"800","tot_call_durat":"3","imei_id":"3583340865605900","callg_no":"","data_vlm_inpt_val":"8333","data_vlm_otput_val":"11555"}
,{"recd_seq":"CHNCTKORKF-28828344-6264-4692-9646-d20fff1cc60a","call_type_id":"GPRS","imsi_id":"450087220136028","chage_id":"1443397703","calld_no":"","local_time":"20190610065407","recd_utc_offset":"800","tot_call_durat":"4","imei_id":"3583340865605900","callg_no":"","data_vlm_inpt_val":"5028","data_vlm_otput_val":"9388"}
,{"recd_seq":"CHNCTKORKF-8f5d54e5-fb52-4e9b-924c-591cf0ef21df","call_type_id":"GPRS","imsi_id":"450087220136028","chage_id":"1887899968","calld_no":"","local_time":"20190610065320","recd_utc_offset":"800","tot_call_durat":"97","imei_id":"3554090721918630","callg_no":"","data_vlm_inpt_val":"0","data_vlm_otput_val":"1736"}
,{"recd_seq":"CHNCTKORKF-5169f869-da66-4dbd-9a86-135fc3e2d0b6","call_type_id":"GPRS","imsi_id":"450087220136028","chage_id":"1887899968","calld_no":"","local_time":"20190610064442","recd_utc_offset":"800","tot_call_durat":"180","imei_id":"3554090721918630","callg_no":"","data_vlm_inpt_val":"0","data_vlm_otput_val":"274"}
,{"recd_seq":"CHNCTKORKF-dfdb446e-267f-4b19-b07a-b47dc63863cc","call_type_id":"GPRS","imsi_id":"450087220136028","chage_id":"1149868148","calld_no":"","local_time":"20190610063834","recd_utc_offset":"800","tot_call_durat":"551","imei_id":"3583340825177500","callg_no":"","data_vlm_inpt_val":"682088","data_vlm_otput_val":"496922"}
,{"recd_seq":"CHNCTKORKF-569c7d8a-394b-4037-83b1-9d2c439debbd","call_type_id":"GPRS","imsi_id":"450087220136028","chage_id":"629698582","calld_no":"","local_time":"20190610065749","recd_utc_offset":"800","tot_call_durat":"61","imei_id":"3583340807056600","callg_no":"","data_vlm_inpt_val":"256858","data_vlm_otput_val":"69974"}
,{"recd_seq":"CHNCTKORKF-36b3b7eb-fc5b-45ec-9184-e3dc8be27b79","call_type_id":"GPRS","imsi_id":"450087220136028","chage_id":"1443397703","calld_no":"","local_time":"20190610065411","recd_utc_offset":"800","tot_call_durat":"10","imei_id":"3583340865605900","callg_no":"","data_vlm_inpt_val":"790358","data_vlm_otput_val":"78309"}
,{"recd_seq":"CHNCTKORKF-6f1f7f6f-03a8-4ab7-9dc6-ed1e398b23ad","call_type_id":"GPRS","imsi_id":"450087220136028","chage_id":"1443397703","calld_no":"","local_time":"20190610065421","recd_utc_offset":"800","tot_call_durat":"7","imei_id":"3583340865605900","callg_no":"","data_vlm_inpt_val":"16729","data_vlm_otput_val":"17721"}
,{"recd_seq":"CHNCTKORKF-46858ff2-6e4c-4456-902f-76ad5170da93","call_type_id":"GPRS","imsi_id":"450087220136028","chage_id":"1443397703","calld_no":"","local_time":"20190610065428","recd_utc_offset":"800","tot_call_durat":"46","imei_id":"3583340865605900","callg_no":"","data_vlm_inpt_val":"304755","data_vlm_otput_val":"63320"}
,{"recd_seq":"CHNCTKORKF-2cdc577d-3815-4026-8bad-4dc60002d02f","call_type_id":"GPRS","imsi_id":"450087220136028","chage_id":"1443397703","calld_no":"","local_time":"20190610065514","recd_utc_offset":"800","tot_call_durat":"14","imei_id":"3583340865605900","callg_no":"","data_vlm_inpt_val":"71373","data_vlm_otput_val":"34020"}
,{"recd_seq":"CHNCTKORKF-29552ce5-f455-436d-8979-b5124b63556e","call_type_id":"GPRS","imsi_id":"450087220136028","chage_id":"1443397703","calld_no":"","local_time":"20190610065528","recd_utc_offset":"800","tot_call_durat":"22","imei_id":"3583340865605900","callg_no":"","data_vlm_inpt_val":"495097","data_vlm_otput_val":"103748"}
,{"recd_seq":"CHNCTKORKF-83d6333d-803f-447f-bff8-de2b3aa04e48","call_type_id":"GPRS","imsi_id":"450087220136028","chage_id":"1443397703","calld_no":"","local_time":"20190610065550","recd_utc_offset":"800","tot_call_durat":"13","imei_id":"3583340865605900","callg_no":"","data_vlm_inpt_val":"21034","data_vlm_otput_val":"31601"}
,{"recd_seq":"CHNCTKORKF-c9dc87bd-9c08-4804-bcfc-4ecf83b6eb09","call_type_id":"GPRS","imsi_id":"450087220136028","chage_id":"1887899968","calld_no":"","local_time":"20190610065500","recd_utc_offset":"800","tot_call_durat":"178","imei_id":"3554090721918630","callg_no":"","data_vlm_inpt_val":"0","data_vlm_otput_val":"274"}
,{"recd_seq":"CHNCTKORKF-56bf8217-2662-4bb5-a36c-9c4dcfbf0539","call_type_id":"GPRS","imsi_id":"450087220136028","chage_id":"1887899968","calld_no":"","local_time":"20190610064845","recd_utc_offset":"800","tot_call_durat":"62","imei_id":"3554090721918630","callg_no":"","data_vlm_inpt_val":"0","data_vlm_otput_val":"274"}
,{"recd_seq":"CHNCTKORKF-8b492c7d-c505-4020-b0a0-e0b2a5c731c8","call_type_id":"GPRS","imsi_id":"450087220136028","chage_id":"785111484","calld_no":"","local_time":"20190610055556","recd_utc_offset":"800","tot_call_durat":"1800","imei_id":"3594070866949610","callg_no":"","data_vlm_inpt_val":"330466","data_vlm_otput_val":"79236"}
,{"recd_seq":"CHNCTKORKF-c86e7325-b2b9-47aa-a1c1-40dce0cff7e8","call_type_id":"GPRS","imsi_id":"450087220136028","chage_id":"785111484","calld_no":"","local_time":"20190610062556","recd_utc_offset":"800","tot_call_durat":"331","imei_id":"3594070866949610","callg_no":"","data_vlm_inpt_val":"403542","data_vlm_otput_val":"392291"}
,{"recd_seq":"CHNCTKORKF-c4f9bdb7-81cc-4d32-a30b-98e78dc428d8","call_type_id":"GPRS","imsi_id":"450087220136028","chage_id":"952918128","calld_no":"","local_time":"20190610061140","recd_utc_offset":"800","tot_call_durat":"1800","imei_id":"3569540699238730","callg_no":"","data_vlm_inpt_val":"630","data_vlm_otput_val":"675"}
,{"recd_seq":"CHNCTKORKF-cbfb4734-09e7-433a-988f-febd47be8577","call_type_id":"GPRS","imsi_id":"450087220136028","chage_id":"1070344818","calld_no":"","local_time":"20190610062617","recd_utc_offset":"800","tot_call_durat":"12","imei_id":"3535110902054300","callg_no":"","data_vlm_inpt_val":"2077945","data_vlm_otput_val":"20306"}
,{"recd_seq":"CHNCTKORKF-404f6004-a2f7-4dd5-96fa-c67edbdeb315","call_type_id":"GPRS","imsi_id":"450087220136028","chage_id":"1070344818","calld_no":"","local_time":"20190610062629","recd_utc_offset":"800","tot_call_durat":"10","imei_id":"3535110902054300","callg_no":"","data_vlm_inpt_val":"2061930","data_vlm_otput_val":"35653"}
,{"recd_seq":"CHNCTKORKF-75b92005-5f5c-479a-bd6f-d4bd61e8e3b9","call_type_id":"GPRS","imsi_id":"450087220136028","chage_id":"1070344818","calld_no":"","local_time":"20190610062639","recd_utc_offset":"800","tot_call_durat":"10","imei_id":"3535110902054300","callg_no":"","data_vlm_inpt_val":"2072832","data_vlm_otput_val":"24814"}
,{"recd_seq":"CHNCTKORKF-77ada0bf-913d-44ce-8e8b-8b201c20b065","call_type_id":"GPRS","imsi_id":"450087220136028","chage_id":"1070344818","calld_no":"","local_time":"20190610062649","recd_utc_offset":"800","tot_call_durat":"63","imei_id":"3535110902054300","callg_no":"","data_vlm_inpt_val":"2049691","data_vlm_otput_val":"48089"}
,{"recd_seq":"CHNCTKORKF-97f7f7d3-1338-42e5-814e-5252560ee38c","call_type_id":"GPRS","imsi_id":"450087220136028","chage_id":"1070344818","calld_no":"","local_time":"20190610062752","recd_utc_offset":"800","tot_call_durat":"18","imei_id":"3535110902054300","callg_no":"","data_vlm_inpt_val":"2061207","data_vlm_otput_val":"36963"}
,{"recd_seq":"CHNCTKORKF-3b0b8c7f-eeab-4a66-91cb-92485c2d5802","call_type_id":"GPRS","imsi_id":"450087220136028","chage_id":"1070344818","calld_no":"","local_time":"20190610062810","recd_utc_offset":"800","tot_call_durat":"10","imei_id":"3535110902054300","callg_no":"","data_vlm_inpt_val":"2065019","data_vlm_otput_val":"32746"}
,{"recd_seq":"CHNCTKORKF-bdf187cf-d6ca-4010-99c7-b9f7b3fcddff","call_type_id":"GPRS","imsi_id":"450087220136028","chage_id":"1070344818","calld_no":"","local_time":"20190610062820","recd_utc_offset":"800","tot_call_durat":"10","imei_id":"3535110902054300","callg_no":"","data_vlm_inpt_val":"2077423","data_vlm_otput_val":"20083"}
,{"recd_seq":"CHNCTKORKF-30a49656-6298-4b2f-927a-522602b0cfa3","call_type_id":"GPRS","imsi_id":"450087220136028","chage_id":"1070344818","calld_no":"","local_time":"20190610062830","recd_utc_offset":"800","tot_call_durat":"9","imei_id":"3535110902054300","callg_no":"","data_vlm_inpt_val":"2074964","data_vlm_otput_val":"22943"}
,{"recd_seq":"CHNCTKORKF-550dfbe3-1b89-42ad-9fd1-bf8f8af51d3a","call_type_id":"GPRS","imsi_id":"450087220136028","chage_id":"1070344818","calld_no":"","local_time":"20190610062839","recd_utc_offset":"800","tot_call_durat":"11","imei_id":"3535110902054300","callg_no":"","data_vlm_inpt_val":"2076583","data_vlm_otput_val":"21227"}
,{"recd_seq":"CHNCTKORKF-e4e79012-4436-4b5b-a937-8d57fb140622","call_type_id":"GPRS","imsi_id":"450087220136028","chage_id":"1070344818","calld_no":"","local_time":"20190610062850","recd_utc_offset":"800","tot_call_durat":"10","imei_id":"3535110902054300","callg_no":"","data_vlm_inpt_val":"2060460","data_vlm_otput_val":"37003"}
,{"recd_seq":"CHNCTKORKF-46bbd8ab-d5b9-4692-9b82-caa62604c1d1","call_type_id":"GPRS","imsi_id":"450087220136028","chage_id":"1070344818","calld_no":"","local_time":"20190610062900","recd_utc_offset":"800","tot_call_durat":"28","imei_id":"3535110902054300","callg_no":"","data_vlm_inpt_val":"2013316","data_vlm_otput_val":"84341"}
,{"recd_seq":"CHNCTKORKF-6d23b07a-4bb1-4bfb-80a5-294969140dbe","call_type_id":"GPRS","imsi_id":"450087220136028","chage_id":"1070344818","calld_no":"","local_time":"20190610062928","recd_utc_offset":"800","tot_call_durat":"9","imei_id":"3535110902054300","callg_no":"","data_vlm_inpt_val":"2067948","data_vlm_otput_val":"29286"}
,{"recd_seq":"CHNCTKORKF-d504dc8c-e2ac-4d85-ae1a-ca706f12f2ec","call_type_id":"GPRS","imsi_id":"450087220136028","chage_id":"1070344818","calld_no":"","local_time":"20190610062937","recd_utc_offset":"800","tot_call_durat":"11","imei_id":"3535110902054300","callg_no":"","data_vlm_inpt_val":"2079338","data_vlm_otput_val":"18186"}
,{"recd_seq":"CHNCTKORKF-d88ee55c-12a5-4336-a316-66a1b9c972b4","call_type_id":"GPRS","imsi_id":"450087220136028","chage_id":"1070344818","calld_no":"","local_time":"20190610062948","recd_utc_offset":"800","tot_call_durat":"9","imei_id":"3535110902054300","callg_no":"","data_vlm_inpt_val":"2077465","data_vlm_otput_val":"20230"}
,{"recd_seq":"CHNCTKORKF-0238339c-f779-4967-a5d5-f4bfecac21f7","call_type_id":"GPRS","imsi_id":"450087220136028","chage_id":"1070344818","calld_no":"","local_time":"20190610062957","recd_utc_offset":"800","tot_call_durat":"14","imei_id":"3535110902054300","callg_no":"","data_vlm_inpt_val":"2080362","data_vlm_otput_val":"17134"}
,{"recd_seq":"CHNCTKORKF-f05917a1-2f43-4f2f-ae11-32c24e2fcb9c","call_type_id":"GPRS","imsi_id":"450087220136028","chage_id":"1070344818","calld_no":"","local_time":"20190610063011","recd_utc_offset":"800","tot_call_durat":"11","imei_id":"3535110902054300","callg_no":"","data_vlm_inpt_val":"2077908","data_vlm_otput_val":"19526"}
,{"recd_seq":"CHNCTKORKF-e6622b5a-d77e-4144-8de3-1776a5e79014","call_type_id":"GPRS","imsi_id":"450087220136028","chage_id":"1070344818","calld_no":"","local_time":"20190610063022","recd_utc_offset":"800","tot_call_durat":"9","imei_id":"3535110902054300","callg_no":"","data_vlm_inpt_val":"2083139","data_vlm_otput_val":"14467"}
,{"recd_seq":"CHNCTKORKF-c0d88565-539e-4864-ad12-a45ac8704d28","call_type_id":"GPRS","imsi_id":"450087220136028","chage_id":"1070344818","calld_no":"","local_time":"20190610063031","recd_utc_offset":"800","tot_call_durat":"25","imei_id":"3535110902054300","callg_no":"","data_vlm_inpt_val":"2068988","data_vlm_otput_val":"28701"}
,{"recd_seq":"CHNCTKORKF-b93f230a-cb5a-4565-8c9b-7e4a0309a9bc","call_type_id":"GPRS","imsi_id":"450087220136028","chage_id":"1070344818","calld_no":"","local_time":"20190610063056","recd_utc_offset":"800","tot_call_durat":"9","imei_id":"3535110902054300","callg_no":"","data_vlm_inpt_val":"2077057","data_vlm_otput_val":"20239"}
,{"recd_seq":"CHNCTKORKF-f54ce4ae-448f-4ff1-a21a-dd4f3fd48e12","call_type_id":"GPRS","imsi_id":"450087220136028","chage_id":"1070344818","calld_no":"","local_time":"20190610063105","recd_utc_offset":"800","tot_call_durat":"9","imei_id":"3535110902054300","callg_no":"","data_vlm_inpt_val":"2082552","data_vlm_otput_val":"15388"}
,{"recd_seq":"CHNCTKORKF-bb4bff7c-7191-4047-aaf8-40511a2665e7","call_type_id":"GPRS","imsi_id":"450087220136028","chage_id":"1070344818","calld_no":"","local_time":"20190610063114","recd_utc_offset":"800","tot_call_durat":"9","imei_id":"3535110902054300","callg_no":"","data_vlm_inpt_val":"2072552","data_vlm_otput_val":"25283"}
,{"recd_seq":"CHNCTKORKF-b0ae785c-beac-48d1-b32d-116665de7efb","call_type_id":"GPRS","imsi_id":"450087220136028","chage_id":"1070344818","calld_no":"","local_time":"20190610063123","recd_utc_offset":"800","tot_call_durat":"11","imei_id":"3535110902054300","callg_no":"","data_vlm_inpt_val":"2066472","data_vlm_otput_val":"30711"}
,{"recd_seq":"CHNCTKORKF-1124e8b5-89c3-40eb-947b-a692bbaf6192","call_type_id":"GPRS","imsi_id":"450087220136028","chage_id":"1070344818","calld_no":"","local_time":"20190610063134","recd_utc_offset":"800","tot_call_durat":"8","imei_id":"3535110902054300","callg_no":"","data_vlm_inpt_val":"2083171","data_vlm_otput_val":"14244"}
,{"recd_seq":"CHNCTKORKF-859e617c-5838-4de1-853a-d8c21ee480ab","call_type_id":"GPRS","imsi_id":"450087220136028","chage_id":"1070344818","calld_no":"","local_time":"20190610063142","recd_utc_offset":"800","tot_call_durat":"11","imei_id":"3535110902054300","callg_no":"","data_vlm_inpt_val":"2076815","data_vlm_otput_val":"20499"}
,{"recd_seq":"CHNCTKORKF-feb10afc-3cb7-4ad8-9bf4-3737fd9ff67b","call_type_id":"GPRS","imsi_id":"450087220136028","chage_id":"1070344818","calld_no":"","local_time":"20190610063153","recd_utc_offset":"800","tot_call_durat":"9","imei_id":"3535110902054300","callg_no":"","data_vlm_inpt_val":"2083460","data_vlm_otput_val":"13907"}
,{"recd_seq":"CHNCTKORKF-3fbe7029-3cdc-4da1-a823-2f9000bb1963","call_type_id":"GPRS","imsi_id":"450087220136028","chage_id":"1070344818","calld_no":"","local_time":"20190610063202","recd_utc_offset":"800","tot_call_durat":"11","imei_id":"3535110902054300","callg_no":"","data_vlm_inpt_val":"2074865","data_vlm_otput_val":"22490"}
,{"recd_seq":"CHNCTKORKF-c2a3b13d-638c-446e-9b6f-21feb567e550","call_type_id":"GPRS","imsi_id":"450087220136028","chage_id":"1070344818","calld_no":"","local_time":"20190610063213","recd_utc_offset":"800","tot_call_durat":"11","imei_id":"3535110902054300","callg_no":"","data_vlm_inpt_val":"2073685","data_vlm_otput_val":"24295"}
,{"recd_seq":"CHNCTKORKF-43a4c6f6-d5a1-4fd4-95ee-c4a2925d7d5f","call_type_id":"GPRS","imsi_id":"450087220136028","chage_id":"1070344818","calld_no":"","local_time":"20190610063224","recd_utc_offset":"800","tot_call_durat":"11","imei_id":"3535110902054300","callg_no":"","data_vlm_inpt_val":"2078210","data_vlm_otput_val":"20055"}
,{"recd_seq":"CHNCTKORKF-e361163c-0e27-442e-b311-de451458cbbd","call_type_id":"GPRS","imsi_id":"450087220136028","chage_id":"1070344818","calld_no":"","local_time":"20190610063235","recd_utc_offset":"800","tot_call_durat":"8","imei_id":"3535110902054300","callg_no":"","data_vlm_inpt_val":"2074938","data_vlm_otput_val":"23255"}
,{"recd_seq":"CHNCTKORKF-bf375faf-5df9-4f8d-a6a2-f809db2f24c4","call_type_id":"GPRS","imsi_id":"450087220136028","chage_id":"1070344818","calld_no":"","local_time":"20190610063243","recd_utc_offset":"800","tot_call_durat":"11","imei_id":"3535110902054300","callg_no":"","data_vlm_inpt_val":"2069581","data_vlm_otput_val":"27831"}
,{"recd_seq":"CHNCTKORKF-9871f950-91d3-4210-b0fa-211ee0428237","call_type_id":"GPRS","imsi_id":"450087220136028","chage_id":"1070344818","calld_no":"","local_time":"20190610063254","recd_utc_offset":"800","tot_call_durat":"9","imei_id":"3535110902054300","callg_no":"","data_vlm_inpt_val":"2063710","data_vlm_otput_val":"33663"}
,{"recd_seq":"CHNCTKORKF-a86f6018-254d-43b5-8a1a-e20c2eabced1","call_type_id":"GPRS","imsi_id":"450087220136028","chage_id":"1070344818","calld_no":"","local_time":"20190610063303","recd_utc_offset":"800","tot_call_durat":"12","imei_id":"3535110902054300","callg_no":"","data_vlm_inpt_val":"2056759","data_vlm_otput_val":"41551"}
,{"recd_seq":"CHNCTKORKF-963027c9-4b6d-46a6-84a2-188db42e52ba","call_type_id":"GPRS","imsi_id":"450087220136028","chage_id":"1070344818","calld_no":"","local_time":"20190610063315","recd_utc_offset":"800","tot_call_durat":"11","imei_id":"3535110902054300","callg_no":"","data_vlm_inpt_val":"2082389","data_vlm_otput_val":"15403"}
,{"recd_seq":"CHNCTKORKF-7e61b4df-6ad8-4cef-89e9-ff3a8e10ee50","call_type_id":"GPRS","imsi_id":"450087220136028","chage_id":"1070344818","calld_no":"","local_time":"20190610063326","recd_utc_offset":"800","tot_call_durat":"7","imei_id":"3535110902054300","callg_no":"","data_vlm_inpt_val":"2075653","data_vlm_otput_val":"22097"}
,{"recd_seq":"CHNCTKORKF-95b2dfb0-5dbb-45e3-8750-55c8da9174e4","call_type_id":"GPRS","imsi_id":"450087220136028","chage_id":"1070344818","calld_no":"","local_time":"20190610063333","recd_utc_offset":"800","tot_call_durat":"14","imei_id":"3535110902054300","callg_no":"","data_vlm_inpt_val":"2076922","data_vlm_otput_val":"21408"}
,{"recd_seq":"CHNCTKORKF-4f832a6b-409d-47fc-b88a-03bd80103487","call_type_id":"GPRS","imsi_id":"450087220136028","chage_id":"1070344818","calld_no":"","local_time":"20190610063347","recd_utc_offset":"800","tot_call_durat":"6","imei_id":"3535110902054300","callg_no":"","data_vlm_inpt_val":"2081917","data_vlm_otput_val":"15920"}
,{"recd_seq":"CHNCTKORKF-4acc6afc-d151-4c81-8cda-e8cb7e4cddf4","call_type_id":"GPRS","imsi_id":"450087220136028","chage_id":"1070344818","calld_no":"","local_time":"20190610063353","recd_utc_offset":"800","tot_call_durat":"13","imei_id":"3535110902054300","callg_no":"","data_vlm_inpt_val":"2070742","data_vlm_otput_val":"26424"}
,{"recd_seq":"CHNCTKORKF-ba1201fe-cfc2-4c78-846f-8570596fd17d","call_type_id":"GPRS","imsi_id":"450087220136028","chage_id":"1070344818","calld_no":"","local_time":"20190610063406","recd_utc_offset":"800","tot_call_durat":"13","imei_id":"3535110902054300","callg_no":"","data_vlm_inpt_val":"2066278","data_vlm_otput_val":"31382"}
,{"recd_seq":"CHNCTKORKF-3ee5eaff-d24c-45be-9d20-9b74a2ed2aa9","call_type_id":"GPRS","imsi_id":"450087220136028","chage_id":"1070344818","calld_no":"","local_time":"20190610063419","recd_utc_offset":"800","tot_call_durat":"8","imei_id":"3535110902054300","callg_no":"","data_vlm_inpt_val":"2074174","data_vlm_otput_val":"23671"}
,{"recd_seq":"CHNCTKORKF-757b200a-c253-4e21-8ba1-96e4f280f842","call_type_id":"GPRS","imsi_id":"450087220136028","chage_id":"1070344818","calld_no":"","local_time":"20190610063427","recd_utc_offset":"800","tot_call_durat":"11","imei_id":"3535110902054300","callg_no":"","data_vlm_inpt_val":"2076552","data_vlm_otput_val":"21547"}
,{"recd_seq":"CHNCTKORKF-2f05c159-734b-4669-b0e1-a4f7d506042c","call_type_id":"GPRS","imsi_id":"450087220136028","chage_id":"1070344818","calld_no":"","local_time":"20190610063438","recd_utc_offset":"800","tot_call_durat":"7","imei_id":"3535110902054300","callg_no":"","data_vlm_inpt_val":"2084495","data_vlm_otput_val":"13476"}
,{"recd_seq":"CHNCTKORKF-063c16ac-4c68-42e6-89e8-380de3cee2fb","call_type_id":"GPRS","imsi_id":"450087220136028","chage_id":"1070344818","calld_no":"","local_time":"20190610063445","recd_utc_offset":"800","tot_call_durat":"12","imei_id":"3535110902054300","callg_no":"","data_vlm_inpt_val":"2069301","data_vlm_otput_val":"28678"}
,{"recd_seq":"CHNCTKORKF-bd976a6a-6651-42e3-9113-3279f1d6a874","call_type_id":"GPRS","imsi_id":"450087220136028","chage_id":"1070344818","calld_no":"","local_time":"20190610063457","recd_utc_offset":"800","tot_call_durat":"10","imei_id":"3535110902054300","callg_no":"","data_vlm_inpt_val":"2075794","data_vlm_otput_val":"21799"}
,{"recd_seq":"CHNCTKORKF-c0b43b2c-dd48-4d57-a330-a7a38e41bc74","call_type_id":"GPRS","imsi_id":"450087220136028","chage_id":"1070344818","calld_no":"","local_time":"20190610063507","recd_utc_offset":"800","tot_call_durat":"10","imei_id":"3535110902054300","callg_no":"","data_vlm_inpt_val":"2078781","data_vlm_otput_val":"19095"}
,{"recd_seq":"CHNCTKORKF-762197d7-880f-4b75-9c2d-fc0be4f47846","call_type_id":"GPRS","imsi_id":"450087220136028","chage_id":"1070344818","calld_no":"","local_time":"20190610063517","recd_utc_offset":"800","tot_call_durat":"10","imei_id":"3535110902054300","callg_no":"","data_vlm_inpt_val":"2081813","data_vlm_otput_val":"15715"}
,{"recd_seq":"CHNCTKORKF-efe3130f-156d-45e9-b87d-6da3a149f5bb","call_type_id":"GPRS","imsi_id":"450087220136028","chage_id":"1070344818","calld_no":"","local_time":"20190610063527","recd_utc_offset":"800","tot_call_durat":"13","imei_id":"3535110902054300","callg_no":"","data_vlm_inpt_val":"2077521","data_vlm_otput_val":"20891"}
,{"recd_seq":"CHNCTKORKF-ede79836-7002-43dc-9ea7-032acd1c5bb9","call_type_id":"GPRS","imsi_id":"450087220136028","chage_id":"1070344818","calld_no":"","local_time":"20190610063540","recd_utc_offset":"800","tot_call_durat":"10","imei_id":"3535110902054300","callg_no":"","data_vlm_inpt_val":"2082448","data_vlm_otput_val":"14987"}
,{"recd_seq":"CHNCTKORKF-59c17832-a2a7-4bcb-9232-d1f8ee3ec9fb","call_type_id":"GPRS","imsi_id":"450087220136028","chage_id":"1070344818","calld_no":"","local_time":"20190610063550","recd_utc_offset":"800","tot_call_durat":"9","imei_id":"3535110902054300","callg_no":"","data_vlm_inpt_val":"2082660","data_vlm_otput_val":"15663"}
,{"recd_seq":"CHNCTKORKF-0c23bf1e-91ec-4106-bf11-8c2f2812e857","call_type_id":"GPRS","imsi_id":"450087220136028","chage_id":"1070344818","calld_no":"","local_time":"20190610063559","recd_utc_offset":"800","tot_call_durat":"10","imei_id":"3535110902054300","callg_no":"","data_vlm_inpt_val":"2077366","data_vlm_otput_val":"20551"}
,{"recd_seq":"CHNCTKORKF-97ba4e2f-8c8d-49dd-bc90-0fb40c4d80d3","call_type_id":"GPRS","imsi_id":"450087220136028","chage_id":"1070344818","calld_no":"","local_time":"20190610063609","recd_utc_offset":"800","tot_call_durat":"10","imei_id":"3535110902054300","callg_no":"","data_vlm_inpt_val":"2083013","data_vlm_otput_val":"14467"}
,{"recd_seq":"CHNCTKORKF-111e54fb-dc72-443a-a6ef-013cd2001d47","call_type_id":"GPRS","imsi_id":"450087220136028","chage_id":"1070344818","calld_no":"","local_time":"20190610063619","recd_utc_offset":"800","tot_call_durat":"14","imei_id":"3535110902054300","callg_no":"","data_vlm_inpt_val":"2078204","data_vlm_otput_val":"19266"}
,{"recd_seq":"CHNCTKORKF-115b8a00-947e-44b2-999e-09fd2682ff50","call_type_id":"GPRS","imsi_id":"450087220136028","chage_id":"1070344818","calld_no":"","local_time":"20190610063633","recd_utc_offset":"800","tot_call_durat":"8","imei_id":"3535110902054300","callg_no":"","data_vlm_inpt_val":"2077006","data_vlm_otput_val":"20311"}
,{"recd_seq":"CHNCTKORKF-4550744c-b925-495d-93ab-561fca4feabb","call_type_id":"GPRS","imsi_id":"450087220136028","chage_id":"1070344818","calld_no":"","local_time":"20190610063641","recd_utc_offset":"800","tot_call_durat":"12","imei_id":"3535110902054300","callg_no":"","data_vlm_inpt_val":"2077700","data_vlm_otput_val":"19511"}
,{"recd_seq":"CHNCTKORKF-921f77bf-7d25-48a7-937d-a9d1f7626150","call_type_id":"GPRS","imsi_id":"450087220136028","chage_id":"1070344818","calld_no":"","local_time":"20190610063653","recd_utc_offset":"800","tot_call_durat":"9","imei_id":"3535110902054300","callg_no":"","data_vlm_inpt_val":"2074118","data_vlm_otput_val":"23463"}
,{"recd_seq":"CHNCTKORKF-eb5877af-53ae-4488-8c03-b83e9e98523b","call_type_id":"GPRS","imsi_id":"450087220136028","chage_id":"1070344818","calld_no":"","local_time":"20190610063702","recd_utc_offset":"800","tot_call_durat":"10","imei_id":"3535110902054300","callg_no":"","data_vlm_inpt_val":"2073791","data_vlm_otput_val":"23666"}
,{"recd_seq":"CHNCTKORKF-5ba142ea-13c7-4025-848f-7df5c691dc55","call_type_id":"GPRS","imsi_id":"450087220136028","chage_id":"1070344818","calld_no":"","local_time":"20190610063712","recd_utc_offset":"800","tot_call_durat":"13","imei_id":"3535110902054300","callg_no":"","data_vlm_inpt_val":"2082475","data_vlm_otput_val":"15250"}
,{"recd_seq":"CHNCTKORKF-a1fa11e2-f1ad-4db6-8ff9-694b37b2b12b","call_type_id":"GPRS","imsi_id":"450087220136028","chage_id":"1070344818","calld_no":"","local_time":"20190610063725","recd_utc_offset":"800","tot_call_durat":"9","imei_id":"3535110902054300","callg_no":"","data_vlm_inpt_val":"2083015","data_vlm_otput_val":"15363"}
,{"recd_seq":"CHNCTKORKF-1d9e42bd-d9a3-4a1f-ba9a-17bf3d2e8bb2","call_type_id":"GPRS","imsi_id":"450087220136028","chage_id":"1070344818","calld_no":"","local_time":"20190610063734","recd_utc_offset":"800","tot_call_durat":"7","imei_id":"3535110902054300","callg_no":"","data_vlm_inpt_val":"2085697","data_vlm_otput_val":"12669"}
,{"recd_seq":"CHNCTKORKF-e1a395b6-4840-47bc-8f7f-4b20e374da33","call_type_id":"GPRS","imsi_id":"450087220136028","chage_id":"1070344818","calld_no":"","local_time":"20190610063741","recd_utc_offset":"800","tot_call_durat":"8","imei_id":"3535110902054300","callg_no":"","data_vlm_inpt_val":"2071610","data_vlm_otput_val":"26011"}
,{"recd_seq":"CHNCTKORKF-7af8d136-e9ab-4477-ad94-e6d95642cb6b","call_type_id":"GPRS","imsi_id":"450087220136028","chage_id":"1070344818","calld_no":"","local_time":"20190610063749","recd_utc_offset":"800","tot_call_durat":"14","imei_id":"3535110902054300","callg_no":"","data_vlm_inpt_val":"2072192","data_vlm_otput_val":"25402"}
,{"recd_seq":"CHNCTKORKF-7eec6723-afdc-4430-9885-301cc6bc20e8","call_type_id":"GPRS","imsi_id":"450087220136028","chage_id":"1070344818","calld_no":"","local_time":"20190610063803","recd_utc_offset":"800","tot_call_durat":"19","imei_id":"3535110902054300","callg_no":"","data_vlm_inpt_val":"2004126","data_vlm_otput_val":"93532"}
,{"recd_seq":"CHNCTKORKF-61bdf8fe-aeb9-4ec9-83e6-77b1ee7cca3c","call_type_id":"GPRS","imsi_id":"450087220136028","chage_id":"1070344818","calld_no":"","local_time":"20190610063822","recd_utc_offset":"800","tot_call_durat":"8","imei_id":"3535110902054300","callg_no":"","data_vlm_inpt_val":"2075468","data_vlm_otput_val":"22943"}
,{"recd_seq":"CHNCTKORKF-7fc94d73-ddf3-43dc-a4ce-ce876661ef51","call_type_id":"GPRS","imsi_id":"450087220136028","chage_id":"1070344818","calld_no":"","local_time":"20190610063830","recd_utc_offset":"800","tot_call_durat":"11","imei_id":"3535110902054300","callg_no":"","data_vlm_inpt_val":"2072908","data_vlm_otput_val":"25411"}
,{"recd_seq":"CHNCTKORKF-0eb099b2-71f6-4455-b836-906793f5fec7","call_type_id":"GPRS","imsi_id":"450087220136028","chage_id":"1070344818","calld_no":"","local_time":"20190610063841","recd_utc_offset":"800","tot_call_durat":"9","imei_id":"3535110902054300","callg_no":"","data_vlm_inpt_val":"2071220","data_vlm_otput_val":"26375"}
,{"recd_seq":"CHNCTKORKF-164a5a85-1020-4eaf-852b-f6ab5a7352e4","call_type_id":"GPRS","imsi_id":"450087220136028","chage_id":"360081123","calld_no":"","local_time":"20190610061434","recd_utc_offset":"800","tot_call_durat":"1800","imei_id":"3535110902674900","callg_no":"","data_vlm_inpt_val":"52287","data_vlm_otput_val":"35130"}
,{"recd_seq":"CHNCTKORKF-91bbca90-405f-4518-bc00-10caddcf9a6f","call_type_id":"GPRS","imsi_id":"450087220136028","chage_id":"360081123","calld_no":"","local_time":"20190610064434","recd_utc_offset":"800","tot_call_durat":"93","imei_id":"3535110902674900","callg_no":"","data_vlm_inpt_val":"77","data_vlm_otput_val":"237"}
,{"recd_seq":"CHNCTKORKF-bd9e0ae1-167d-4398-a72b-ad7791468f5f","call_type_id":"GPRS","imsi_id":"450087220136028","chage_id":"1070344818","calld_no":"","local_time":"20190610063850","recd_utc_offset":"800","tot_call_durat":"10","imei_id":"3535110902054300","callg_no":"","data_vlm_inpt_val":"2069389","data_vlm_otput_val":"28114"}
,{"recd_seq":"CHNCTKORKF-dbe3e96e-11f2-4775-9d83-738bdcb4b311","call_type_id":"GPRS","imsi_id":"450087220136028","chage_id":"1070344818","calld_no":"","local_time":"20190610063900","recd_utc_offset":"800","tot_call_durat":"10","imei_id":"3535110902054300","callg_no":"","data_vlm_inpt_val":"2075874","data_vlm_otput_val":"21597"}
,{"recd_seq":"CHNCTKORKF-5f195a25-4399-46b0-a80d-c1ed3424d980","call_type_id":"GPRS","imsi_id":"450087220136028","chage_id":"1070344818","calld_no":"","local_time":"20190610063910","recd_utc_offset":"800","tot_call_durat":"11","imei_id":"3535110902054300","callg_no":"","data_vlm_inpt_val":"2072039","data_vlm_otput_val":"26213"}
,{"recd_seq":"CHNCTKORKF-798a3260-4021-4de4-a206-58ed9477cab3","call_type_id":"GPRS","imsi_id":"450087220136028","chage_id":"1070344818","calld_no":"","local_time":"20190610063921","recd_utc_offset":"800","tot_call_durat":"8","imei_id":"3535110902054300","callg_no":"","data_vlm_inpt_val":"2062597","data_vlm_otput_val":"34590"}
,{"recd_seq":"CHNCTKORKF-47fa55b6-d215-4a96-8231-6e4e8583e0e1","call_type_id":"GPRS","imsi_id":"450087220136028","chage_id":"1070344818","calld_no":"","local_time":"20190610063929","recd_utc_offset":"800","tot_call_durat":"13","imei_id":"3535110902054300","callg_no":"","data_vlm_inpt_val":"2069314","data_vlm_otput_val":"28938"}
,{"recd_seq":"CHNCTKORKF-4af9653e-1bd2-4e30-accc-34571eeb4bf5","call_type_id":"GPRS","imsi_id":"450087220136028","chage_id":"1070344818","calld_no":"","local_time":"20190610063942","recd_utc_offset":"800","tot_call_durat":"6","imei_id":"3535110902054300","callg_no":"","data_vlm_inpt_val":"2073959","data_vlm_otput_val":"23604"}
,{"recd_seq":"CHNCTKORKF-924584d4-cbbe-464a-8b77-bc1da5beaeb4","call_type_id":"GPRS","imsi_id":"450087220136028","chage_id":"1070344818","calld_no":"","local_time":"20190610063948","recd_utc_offset":"800","tot_call_durat":"15","imei_id":"3535110902054300","callg_no":"","data_vlm_inpt_val":"2074959","data_vlm_otput_val":"22398"}
,{"recd_seq":"CHNCTKORKF-64b6ded9-33d2-4f00-b2ce-4624e144ca88","call_type_id":"GPRS","imsi_id":"450087220136028","chage_id":"1070344818","calld_no":"","local_time":"20190610064003","recd_utc_offset":"800","tot_call_durat":"9","imei_id":"3535110902054300","callg_no":"","data_vlm_inpt_val":"2071588","data_vlm_otput_val":"25673"}
,{"recd_seq":"CHNCTKORKF-d812e951-4203-4775-baef-13bedc6aab11","call_type_id":"GPRS","imsi_id":"450087220136028","chage_id":"1070344818","calld_no":"","local_time":"20190610064012","recd_utc_offset":"800","tot_call_durat":"9","imei_id":"3535110902054300","callg_no":"","data_vlm_inpt_val":"2079617","data_vlm_otput_val":"18692"}
,{"recd_seq":"CHNCTKORKF-01ae1227-567c-4713-80f3-dbe9d0b5f8e5","call_type_id":"GPRS","imsi_id":"450087220136028","chage_id":"1070344818","calld_no":"","local_time":"20190610064021","recd_utc_offset":"800","tot_call_durat":"13","imei_id":"3535110902054300","callg_no":"","data_vlm_inpt_val":"2078004","data_vlm_otput_val":"19474"}