{
	"CONT_ID" : "Cont0001",
	"CONT_NM" : "Contract001",
	"CONT_TYPE_CD" : "IB",
	"CONT_MEMO" : "Contract001",
	"CONTR_ID" : "LEAGUE-ChoSung",
	"HPMN" : [{
		"PLMN_ID" : "CHNCT"
	}],
	"VPMN" : [{
		"PLMN_ID" : "KORKF"
	}],
	"ContDtl" : {
		"CONT_DTL_ID" : "DTL0001",
		"CONT_ID" : "Cont0001",
		"CONT_NM" : "Contract001",
		"CONT_ST_DATE" : "20150715",
		"CONT_EXP_DATE" : "20200715",
		"CONT_EXP_NOTI_DATE" : "20201701",
		"CONT_AUTO_UPD_YN" : "Y",
		"CONT_MEMO" : "ContractDtail001",
		"CONT_CUR_CD" : "USD",
		"CONT_STTUS_CD" : "draft",
		"EXCEPT_APLY_CALL" : "N",
		"TAX_INCL_YN" : "N",
		"TAX_APLY_PECNT" : "0",
		"TAX_APLY_TYPE_CD" : "none",
		"CPMN_ID": "CPMN_ID",
		"CMPN_NM": "Test",
		"CMPN_ADR": "Test",
		"CORRESP_BANK_NM": "Test",
		"CORRESP_SWIFT_CD": "Test",
		"CalcBas" : [{
			"CONT_CALC_BAS_ID" : "MOC-Local",
			"CONT_DTL_ID" : "DTL0001",
			"CONT_CALC_SPCL_ID" : "CALCSPCL001",
			"CALL_TYPE_CD" : "MOC-Local",
			"TAX_INCL_YN": "yes",
			"STEL_TARIF" : "2",
			"STEL_VLM" : "1",
			"STEL_UNIT" : "min",
			"ADTN_FEE_TYPE_CD" : "none",
			"ADTN_FEE_AMT" : "0"
		},{
			"CONT_CALC_BAS_ID" : "MOC-Home",
			"CONT_DTL_ID" : "DTL0001",
			"CONT_CALC_SPCL_ID" : "CALCSPCL001",
			"CALL_TYPE_CD" : "MOC-Home",
			"TAX_INCL_YN": "yes",
			"STEL_TARIF" : "2",
			"STEL_VLM" : "1",
			"STEL_UNIT" : "min",
			"ADTN_FEE_TYPE_CD" : "none",
			"ADTN_FEE_AMT" : "0"
		},{
			"CONT_CALC_BAS_ID" : "GRPC",
			"CONT_DTL_ID" : "DTL0001",
			"CONT_CALC_SPCL_ID" : "CALCSPCL001",
			"CALL_TYPE_CD" : "GRPC",
			"TAX_INCL_YN": "yes",
			"STEL_TARIF" : "2",
			"STEL_VLM" : "1",
			"STEL_UNIT" : "MB",
			"ADTN_FEE_TYPE_CD" : "none",
			"ADTN_FEE_AMT" : "0"
		}],
		"CalcSpcl" : [{
			"CONT_CALC_SPCL_ID" : "Commitment001",
			"CONT_DTL_ID" : "DTL0001",
			"MODEL_TYPE_CD" : "Commitment",
			"CALL_TYPE_CD" : ["MOC-Local, MOC-Home"],
			"THRS_MIN" : "50",
			"THRS_MAX" : "100",
			"THRS_UNIT" : "min",
			"FIX_AMT_DT" : "1",
			"FIX_AMT" : "5000",
			"FIX_AMT_CUR_CD" : "USD",
			"SPCL_MEMO" : "SPCL_MEMO",
			"APLY_TYPE" : "APLY_TYPE",
			"CalcBas" : [{
				"CONT_CALC_BAS_ID" : "MOC-Local",
				"CONT_DTL_ID" : "DTL0001",
				"CONT_CALC_SPCL_ID" : "CALCSPCL001",
				"CALL_TYPE_CD" : "MOC-Local",
				"TAX_INCL_YN": "yes",
				"STEL_TARIF" : "2",
				"STEL_VLM" : "1",
				"STEL_UNIT" : "min",
				"ADTN_FEE_TYPE_CD" : "none",
				"ADTN_FEE_AMT" : "0"
			},{
				"CONT_CALC_BAS_ID" : "MOC-Home",
				"CONT_DTL_ID" : "DTL0001",
				"CONT_CALC_SPCL_ID" : "CALCSPCL001",
				"CALL_TYPE_CD" : "MOC-Home",
				"TAX_INCL_YN": "yes",
				"STEL_TARIF" : "2",
				"STEL_VLM" : "1",
				"STEL_UNIT" : "min",
				"ADTN_FEE_TYPE_CD" : "none",
				"ADTN_FEE_AMT" : "0"
			}]
		},{
			"CONT_CALC_SPCL_ID" : "Commitment002",
			"CONT_DTL_ID" : "DTL0001",
			"MODEL_TYPE_CD" : "Commitment",
			"CALL_TYPE_CD" : ["MOC-Local, MOC-Home"],
			"THRS_MIN" : "50",
			"THRS_MAX" : "100",
			"THRS_UNIT" : "min",
			"FIX_AMT_DT" : "5000",
			"FIX_AMT" : "99999999",
			"FIX_AMT_CUR_CD" : "USD",
			"SPCL_MEMO" : "SPCL_MEMO",
			"APLY_TYPE" : "APLY_TYPE",
			"CalcBas" : [{
				"CONT_CALC_BAS_ID" : "MOC-Local",
				"CONT_DTL_ID" : "DTL0001",
				"CONT_CALC_SPCL_ID" : "CALCSPCL001",
				"CALL_TYPE_CD" : "MOC-Local",
				"TAX_INCL_YN": "yes",
				"STEL_TARIF" : "2",
				"STEL_VLM" : "1",
				"STEL_UNIT" : "min",
				"ADTN_FEE_TYPE_CD" : "none",
				"ADTN_FEE_AMT" : "0"
			},{
				"CONT_CALC_BAS_ID" : "MOC-Home",
				"CONT_DTL_ID" : "DTL0001",
				"CONT_CALC_SPCL_ID" : "CALCSPCL001",
				"CALL_TYPE_CD" : "MOC-Home",
				"TAX_INCL_YN": "yes",
				"STEL_TARIF" : "2",
				"STEL_VLM" : "1",
				"STEL_UNIT" : "min",
				"ADTN_FEE_TYPE_CD" : "none",
				"ADTN_FEE_AMT" : "0"
			}]
		},{
			"CONT_CALC_SPCL_ID" : "Imsicap001",
			"CONT_DTL_ID" : "DTL0001",
			"MODEL_TYPE_CD" : "Imsicap",
			"CALL_TYPE_CD" : ["GRPC"],
			"THRS_MIN" : "50",
			"THRS_MAX" : "100",
			"THRS_UNIT" : "min",
			"FIX_AMT_DT" : "99999999",
			"FIX_AMT_CUR_CD" : "USD",
			"SPCL_MEMO" : "SPCL_MEMO",
			"CalcBas" : [{
				"CONT_CALC_BAS_ID" : "GRPC",
				"CONT_DTL_ID" : "DTL0001",
				"CONT_CALC_SPCL_ID" : "CALCSPCL001",
				"CALL_TYPE_CD" : "MOC-Local",
				"TAX_INCL_YN": "yes",
				"STEL_TARIF" : "2",
				"STEL_VLM" : "1",
				"STEL_UNIT" : "min",
				"ADTN_FEE_TYPE_CD" : "none",
				"ADTN_FEE_AMT" : "0"
			}]
		}]
	}
}